,,AGRICULTURAL PRODUCTION CROPS,AMUSEMENT AND RECREATION SERVICES,APPAREL AND ACCESSORY STORES,APPAREL AND OTHER FINISHED PRODUCTS MADE FROM FABRICS AND SIMILAR MATERIALS,AUTOMOTIVE DEALERS AND GASOLINE SERVICE STATIONS,"AUTOMOTIVE REPAIR, SERVICES, AND PARKING",BUILDING CONSTRUCTION GENERAL CONTRACTORS AND OPERATIVE BUILDERS,BUSINESS SERVICES,BUSINESS SERVICES - Large Cap,BUSINESS SERVICES - Small Cap,CHEMICALS AND ALLIED PRODUCTS,CHEMICALS AND ALLIED PRODUCTS - Large Cap,CHEMICALS AND ALLIED PRODUCTS - Small Cap,COMMUNICATIONS,COMMUNICATIONS - Large Cap,COMMUNICATIONS - Small Cap,CONSTRUCTION SPECIAL TRADE CONTRACTORS,DEPOSITORY INSTITUTIONS,DEPOSITORY INSTITUTIONS - Large Cap,DEPOSITORY INSTITUTIONS - Small Cap,EATING AND DRINKING PLACES,EDUCATIONAL SERVICES,"ELECTRIC, GAS, AND SANITARY SERVICES","ELECTRIC, GAS, AND SANITARY SERVICES - Large Cap","ELECTRIC, GAS, AND SANITARY SERVICES - Small Cap","ELECTRONIC AND OTHER ELECTRICAL EQUIPMENT AND COMPONENTS, EXCEPT COMPUTER EQUIPMENT","ELECTRONIC AND OTHER ELECTRICAL EQUIPMENT AND COMPONENTS, EXCEPT COMPUTER EQUIPMENT - Large Cap","ELECTRONIC AND OTHER ELECTRICAL EQUIPMENT AND COMPONENTS, EXCEPT COMPUTER EQUIPMENT - Small Cap","ENGINEERING, ACCOUNTING, RESEARCH, MANAGEMENT, AND RELATED SERVICES","ENGINEERING, ACCOUNTING, RESEARCH, MANAGEMENT, AND RELATED SERVICES - Large Cap","ENGINEERING, ACCOUNTING, RESEARCH, MANAGEMENT, AND RELATED SERVICES - Small Cap","FABRICATED METAL PRODUCTS, EXCEPT MACHINERY AND TRANSPORTATION EQUIPMENT","FABRICATED METAL PRODUCTS, EXCEPT MACHINERY AND TRANSPORTATION EQUIPMENT - Large Cap","FABRICATED METAL PRODUCTS, EXCEPT MACHINERY AND TRANSPORTATION EQUIPMENT - Small Cap",FOOD AND KINDRED PRODUCTS,FOOD AND KINDRED PRODUCTS - Large Cap,FOOD AND KINDRED PRODUCTS - Small Cap,FOOD STORES,FURNITURE AND FIXTURES,GENERAL MERCHANDISE STORES,HEALTH SERVICES,HEALTH SERVICES - Large Cap,HEALTH SERVICES - Small Cap,HEAVY CONSTRUCTION OTHER THAN BUILDING CONSTRUCTION CONTRACTORS,HOLDING AND OTHER INVESTMENT OFFICES,HOLDING AND OTHER INVESTMENT OFFICES - Large Cap,HOLDING AND OTHER INVESTMENT OFFICES - Small Cap,"HOTELS, ROOMING HOUSES, CAMPS, AND OTHER LODGING PLACES",INDUSTRIAL AND COMMERCIAL MACHINERY AND COMPUTER EQUIPMENT,INDUSTRIAL AND COMMERCIAL MACHINERY AND COMPUTER EQUIPMENT - Large Cap,INDUSTRIAL AND COMMERCIAL MACHINERY AND COMPUTER EQUIPMENT - Small Cap,"INSURANCE AGENTS, BROKERS, AND SERVICE",INSURANCE CARRIERS,INSURANCE CARRIERS - Large Cap,INSURANCE CARRIERS - Small Cap,"LUMBER AND WOOD PRODUCTS, EXCEPT FURNITURE","MEASURING, ANALYZING, AND CONTROLLING INSTRUMENTS; PHOTOGRAPHIC, MEDICAL AND OPTICAL GOODS; WATCHES AND CLOCKS","MEASURING, ANALYZING, AND CONTROLLING INSTRUMENTS; PHOTOGRAPHIC, MEDICAL AND OPTICAL GOODS; WATCHES AND CLOCKS - Large Cap","MEASURING, ANALYZING, AND CONTROLLING INSTRUMENTS; PHOTOGRAPHIC, MEDICAL AND OPTICAL GOODS; WATCHES AND CLOCKS - Small Cap",METAL MINING,METAL MINING - Large Cap,METAL MINING - Small Cap,"MINING AND QUARRYING OF NONMETALLIC MINERALS, EXCEPT FUELS",MISCELLANEOUS MANUFACTURING INDUSTRIES,MISCELLANEOUS RETAIL,MISCELLANEOUS RETAIL - Large Cap,MISCELLANEOUS RETAIL - Small Cap,MOTION PICTURES,MOTOR FREIGHT TRANSPORTATION AND WAREHOUSING,NON-DEPOSITORY CREDIT INSTITUTIONS,NON-DEPOSITORY CREDIT INSTITUTIONS - Large Cap,NON-DEPOSITORY CREDIT INSTITUTIONS - Small Cap,NONCLASSIFIABLE ESTABLISHMENTS,NONCLASSIFIABLE ESTABLISHMENTS - Large Cap,NONCLASSIFIABLE ESTABLISHMENTS - Small Cap,OIL AND GAS EXTRACTION,OIL AND GAS EXTRACTION - Large Cap,OIL AND GAS EXTRACTION - Small Cap,PAPER AND ALLIED PRODUCTS,PERSONAL SERVICES,PETROLEUM REFINING AND RELATED INDUSTRIES,PRIMARY METAL INDUSTRIES,"PRINTING, PUBLISHING, AND ALLIED INDUSTRIES",REAL ESTATE,RUBBER AND MISCELLANEOUS PLASTICS PRODUCTS,"SECURITY AND COMMODITY BROKERS, DEALERS, EXCHANGES, AND SERVICES","SECURITY AND COMMODITY BROKERS, DEALERS, EXCHANGES, AND SERVICES - Large Cap","SECURITY AND COMMODITY BROKERS, DEALERS, EXCHANGES, AND SERVICES - Small Cap","STONE, CLAY, GLASS, AND CONCRETE PRODUCTS",TRANSPORTATION BY AIR,TRANSPORTATION EQUIPMENT,TRANSPORTATION EQUIPMENT - Large Cap,TRANSPORTATION EQUIPMENT - Small Cap,TRANSPORTATION SERVICES,WATER TRANSPORTATION,WATER TRANSPORTATION - Large Cap,WATER TRANSPORTATION - Small Cap,WHOLESALE TRADE-DURABLE GOODS,WHOLESALE TRADE-DURABLE GOODS - Large Cap,WHOLESALE TRADE-DURABLE GOODS - Small Cap,WHOLESALE TRADE-NON-DURABLE GOODS
Beta,Alpha,0.0027502643959763755,0.01340899138252205,0.00803016639231598,0.004256516687150962,0.014727779888334812,0.011694542499326083,0.016025506574138745,0.009512634468633933,0.011161963990538794,0.08169350870625304,0.002433748636623255,0.004957667335231443,0.07449426235302858,0.004695151952751223,0.004933642757250195,0.0031263653067271553,0.018114901650158242,0.0072460874510509735,0.0075587386345156386,0.0013170784324709958,0.008036856657066565,0.0006564725754700632,0.005726374100419093,0.008566310331757658,-0.018940719980799173,0.008227065185820967,0.008541667403101295,0.19019474949419532,0.0071293329566220025,0.008660595277540725,-0.024270637962581776,0.00773557202754464,0.010311962620356828,0.012068421432858818,0.0022193321079725364,0.002044839127769427,0.009115574768373538,-0.0016598502771699342,0.007749132419500935,0.005400386952466349,0.008282535632185974,0.009664968556080763,0.1201878142080944,0.006139203728029671,0.005239707719504785,0.006011163067274944,0.00416814019354515,0.011802431573646603,0.007907453913378862,0.009751334050255163,0.10238872576245485,0.0118536717453561,0.006973576020137992,0.006060116340029476,-0.017513458550116386,0.003948177196601551,0.008398904354255676,0.00597819609720414,0.11874847702874301,0.0060956293871609855,0.0069693241955120205,-0.003838295238672403,0.00781625568160084,0.0018293318636476176,0.013351349654831979,0.014448352031161828,0.009692475464926166,0.026468255861103174,0.004171612268841982,0.025831972061991403,0.029858860737942264,0.00454419387671275,0.007091694438307003,0.006918340352685098,0.005672006940707499,0.006086063626682615,0.004694228809926198,-0.021035579415495626,0.004646025205544359,0.001820258171380024,0.004735286544048785,0.005447045785249732,0.00634214546600062,0.01473398609191616,0.004028083267357754,0.00964018581153826,0.011424023436301776,0.006532952096792329,0.010277121095580101,0.012192062880476147,0.010191752613825593,0.009386620921788307,0.04669156034862112,0.01658737664151278,0.0102322483054217,0.01313888237262219,0.1360854418836273,0.0061169536318042275,0.007588465544331011,-0.022479099451489393,0.011921862301279203
Beta,CMA,0.4835531776884532,0.1252944699437169,0.3227248910198181,0.43998866119604635,-0.24251848436755158,0.7173502768428253,-0.4226232874254832,0.08863974254751383,0.09932979011070242,-3.2845204256019582,-0.213588845447273,-0.08361325983108908,2.504344817150743,-0.3112605189426716,-0.12960979407611514,1.1201284320866316,0.22743364693194115,-0.07400790101237442,-0.08311259241977367,0.03593508192399924,0.1686630348531473,0.18309633902313227,0.09426751648970595,-0.00532920509036019,-0.4723312883881683,0.44572146159831294,0.4898359498042758,-8.154366810645659,0.21818645238860213,0.1952257726577031,0.4753745937727533,0.3125579431219543,0.25769192283964576,-0.8611942732966443,0.04835559964452361,0.12546573998687785,-0.18992170729759236,0.6291339577498855,-0.22474753864865546,0.20566218271571068,0.05611410211320621,0.2904774089242547,4.815819446867625,0.1013050457118133,0.19973447663251775,0.25529058042544045,-0.3494832663574533,-0.15722435685137504,0.030538516248641515,0.0567699596158905,-13.527668526699065,0.3939549119839164,-0.01972107766267142,0.06024582973693389,-0.20281438125737633,0.3255992320561199,-0.13261465915623716,0.1197144899253626,-8.619245517099856,0.2625814287108589,0.25860251083493907,0.5907598009588102,0.17852734529557301,0.23836058219255826,0.4450960936202751,0.4962114613578993,-0.01705064445586864,0.3244980743567464,-0.14978542301383074,-1.920276261452164,-2.0961515308742515,-1.099477063893834,0.15832239321680208,0.15619335287199115,0.14961885649910497,-0.15266572895506395,-0.19889429634715106,-0.09345671888840076,-0.009454595599339038,0.1085943519580643,0.22713999876422808,0.9291822597203586,0.15236671669822732,-0.3720066023412291,-0.09587424906197255,-0.003638744917576925,0.04573070807802282,-2.9126406177842283,0.030625374232128834,0.4642119084708426,0.3440385016215746,0.395646150012609,-0.1425953077209915,-0.22152125149697918,0.2839733520178052,0.2912437474445106,4.7945062751698675,0.27954228130628206,0.2879685334878432,0.44321093682302803,-0.21862281571882078
Beta,HML,-0.16658451728310558,0.04750724177751448,0.17474556599655766,-0.009904484622829161,0.0823907561432952,-0.4158148962750389,0.3661832260781392,-0.15766574116167334,-0.15826679476358976,2.1821310081710017,0.030937764960317537,0.0339911278601019,-1.566153198996398,0.10134047413825764,0.006466108255021056,-0.13883677948053375,-0.19305315645211285,0.22392943949026636,0.2286541550408288,0.18322476033567753,-0.13545821225248522,0.05510324245168592,0.005932335154496518,0.050358338295095485,0.1951959347342838,-0.3699817717978542,-0.3968152980306317,2.490602715157249,-0.004857062304487481,0.0446443941473331,-0.09391619786068992,-0.07793804996985979,-0.07079877791973124,0.22111539141017122,0.002269727747299981,-0.02352282580391865,0.8420919511473944,-0.08268734241780276,0.20051081836693505,0.07404441509236288,0.05292488384257665,-0.0270922313451133,-3.4180044966787477,-0.03146080652844496,-0.10911398207256821,-0.1284711851530705,-0.186502748808402,0.2851153715610998,0.13079117314376143,0.1656868814656217,3.9660939101864763,-0.017222730044413218,0.0312648026015939,-0.02517548377390417,0.39470214317201713,0.14288601439564702,0.15852711333390387,-0.039671003052719964,2.7984672234343546,-0.23570836852542193,-0.23589109971025957,-0.6636981811030098,0.021949576333523638,-0.13430890904253284,-0.16003127935605416,-0.18453916668739184,0.038309117143385356,-0.7548213758995614,0.0794584793184193,0.7395066249941935,0.8557275456691824,0.38314258457714656,0.03071982221662789,0.020477334210478853,-0.04997309652679415,-0.0499585816312258,0.015606529146527152,-0.05049031969490734,0.14761297982290514,-0.1447355134655942,0.05049957816584995,-0.27476356115765777,0.0068108682056725245,0.40372339927670486,-0.0678578875419435,0.03583818805793071,0.017404246347592776,1.1013695239580166,0.172407242974277,0.23231948406876327,0.023700218428872728,0.01376560078872514,3.336418720043465,0.05658942519834273,0.01482030808410334,0.16799655340394254,-4.823996077050611,-0.06629937083161834,-0.06895595607691347,0.41029948571376856,-0.02637578479493264
Beta,Mkt-RF,-0.07794454233512753,-0.1770037557951202,-0.002714082109670062,0.02348992002588457,0.06554527061273484,-0.036299834673023855,-0.019501631086037967,0.034733842868641354,0.04719208241682372,0.4636652024621127,0.015328720883454465,0.023820734186378027,0.5116603855105785,-0.09031917971531057,-0.02503220227377556,0.47755176454925724,-0.048140662505182286,0.03271001082498553,0.030537688727346367,-0.07417699687324043,-0.05613195397458016,-0.09394754539677279,-0.06795373828875341,-0.0697218833263406,-0.39926806722761543,0.31311415679445553,0.33414989488004326,1.0877543967567271,0.056890458816942206,0.06299620673747547,-0.025029343636657063,0.047629959277130755,0.04040977824636874,0.2531580495323164,-0.05995634735031168,-0.03654018008950436,0.06655001762450091,0.08220981430826643,-0.043812367317371405,0.10106519761123793,0.042288639709705214,0.028552099480848348,-2.160316715885046,0.023041273364814034,-0.0858706261115709,-0.08140479836653207,0.14024101268201597,-0.017190620473343608,0.07539541553982929,0.07766633548459899,1.7093380569718024,-0.06559962908284825,0.03890654670003758,0.13569174810472098,-0.31095407243670226,0.11908210006354022,0.028199329149156363,0.016296603656154682,0.3183412648418417,0.1793860525579015,0.17271837873330925,0.2301526654285988,-0.05880866026181683,0.022957911463900464,-0.02417210715778129,-0.023600103873473468,0.2904346721291169,0.3458732090409667,0.035380547224971304,-0.24456542998415726,-0.2897588788867376,-0.5690694168240964,0.00947844944932821,0.009947157614374084,-0.034887407933022946,0.006695585547953357,-0.01389346858140347,0.27067205298291297,-0.015820566935086447,-0.10018892545127993,-0.05431159486380246,0.15248103351663006,0.031670573700262654,-0.02286172977483776,0.0021786904429096326,0.026793794729676166,0.05429343926653057,-0.23817111595286006,0.005845489106898663,-0.1170414392838785,0.15488002602340525,0.16532512988930395,-0.39635103800956634,-0.03347653543806264,-0.12445703348824694,-0.18658615007603516,6.5533216480051895,0.05226263723327997,0.048904205524507166,0.04878208282822083,-0.02011937835815138
Beta,RMW,-0.1886660233728038,-0.6785218048309419,-0.27834481016596224,-0.13450991049732072,-0.08861920161795979,0.701350674357872,-0.38652267868321605,-0.17575325461419306,-0.10603896998269521,-0.9883492770984967,-0.009246504643771112,-0.002568887159285123,-4.2426873696496425,-0.3390098846977722,-0.2513007933668538,1.053739299000568,-0.01746300154735088,-0.2530481674426399,-0.2659743881846533,-0.3394159988655693,0.013134570200317624,-0.019936632517714423,-0.2294270750738865,-0.2815094813129868,-0.055644499453406056,-0.15871077288974877,-0.10596304160459112,-9.607818497681551,-0.007970142594009999,0.05615587793678201,0.6877616004394977,-0.2909889259014358,-0.33343674832657755,-2.1554444336571725,-0.05444935818634361,0.02725225905119296,-2.66967318184664,0.27417376678733907,-0.3037980047212516,0.10601653118753081,-0.42746054966023056,-0.4926735851943734,-4.377841109461963,-0.2845980764783195,-0.21852970007875255,-0.1631374293830303,-0.7924620981924259,-0.34480781551135653,-0.18327120962649984,-0.14898664695607194,5.060726668741994,0.23642364104966743,-0.2161642018585986,-0.16281871058616695,0.39945860293599067,-0.4405142672605913,0.020728439438378585,-0.16412198629051886,1.9058888737676225,-0.701520222011661,-0.7125964907524658,-0.6727521463418759,-0.11389905343405972,0.061582281242782796,-0.5300751215429425,-0.5176642369701075,-0.5761693034568477,-0.3028452354419806,0.17187366778887575,1.0503995317857422,1.180175511225985,-0.0659344156029597,-0.2526562564603346,-0.24789733066495676,-0.2262611866426972,-0.16594090611598003,-0.17613678489162443,0.9069240390517197,-0.24283706632937235,0.15397822889439386,0.17006109384884427,-0.5035655254936733,-0.4762801036015307,-1.0554031638740626,-0.14060911112589933,-0.5430723859316777,-0.4659851404158412,-1.2357915460315239,-0.36923283008487096,-0.5711014156386335,-0.3792536522910339,-0.37626920377382467,-3.1728666490185544,-0.332628282407777,-0.5196303328877424,-0.4981900123875051,0.7922376428891034,-0.11112673807284157,-0.05646572226245463,-1.0830997562830167,-0.4055447562236885
Beta,SMB,0.022271219471178126,0.04592623450269774,0.053675955753712284,0.16093220561305652,-0.1790805768460452,0.6642076835957916,-0.2829610310128741,0.14600151278058549,0.12735834742610766,-2.864806752005852,0.11650588759979802,0.07764615933406982,-0.8994583141401845,0.044035027373271515,0.05860660763719374,-0.35245650742858964,0.018773712966201266,-0.009573321941818185,-0.006965564774798116,-0.08560529943622167,0.055092818344835634,-0.029323500412357692,-0.0445587911360147,-0.11637192419451306,1.683576501131622,0.01347825611710098,0.026005030378523763,0.21417434888937262,0.0014115171996840917,0.00604546123495441,0.5169179258914757,-0.04873323566253061,-0.0469110932939904,-1.907182083306146,0.02067498957694416,0.004203992659700986,-0.48662264504226493,-0.19088445017006145,0.15904612599038095,-0.0003947995203558887,-0.28888703670994953,-0.3271988619400515,1.8219982930586784,0.03804621321452575,-0.024604667818341645,-0.03361907152956054,0.19038085265187654,-0.21844526055169788,-0.08387616771291187,-0.12119695832301457,-0.6182324574141322,0.13521320816456134,-0.13650112135651998,-0.17426432312126985,0.383160602130884,-0.10066658788027236,0.09166364383054464,-0.019090556546910577,1.4412852123807467,0.10369455401917974,0.09838509457414733,0.421340352854611,0.2221639748427864,0.16672836513043718,-0.031418243948538344,-0.016115421649856073,-0.17441407641790282,0.015893136809930136,0.14798865742597442,0.5708364230396192,0.6152003692957453,0.6006788208352971,-0.13465785407471279,-0.1200609677132202,0.15608867605609464,0.08923020169596324,0.00998733224061576,-0.015095256253142699,-0.010303988092560779,0.14067369349073572,0.03724887697433645,-0.09527128780228897,-0.20480936817855314,-0.25936401104491674,0.05711726543155317,-0.030054751334977047,-0.014593655547585026,0.21195355306558988,-0.25108815904854304,-0.01756512891330173,0.03625265207911916,0.0479984515165523,-4.178406157105727,0.2120478758783593,0.12127734793748131,0.15093137623615918,11.232739359201988,-0.09260378318615327,-0.06496524351676365,0.0617937032519764,-0.03545827994300426
Pvalue,Alpha,0.6227884554379505,0.19071421737105954,0.14838811500939822,0.4888563262653681,0.010590741627394382,0.27053693760373226,0.03469047964089928,0.04113679924359362,0.014850415199221442,0.16684143109571176,0.5240654297704563,0.15441675777182517,0.10699937080976442,0.28111451069506443,0.22917406547686345,0.7448158536762787,0.0033881329643059236,0.21548082670277705,0.20133104070440852,0.7450441956910977,0.050232293373541514,0.9159999858025517,0.11361134408439909,0.04648606106541836,0.23115923369073157,0.2565839737787368,0.2527262841778118,0.08623938263193706,0.08823766478437288,0.040369729195615815,0.024262835813717205,0.12266710002958617,0.04926084555787267,0.5059320216589067,0.4540236596166539,0.4799607444570526,0.7693183964141557,0.6841975397034219,0.31320412170075906,0.13425558501922735,0.07868840227903122,0.029039323454679987,0.1290206579894778,0.3943550960060911,0.296992590213366,0.2064839235567498,0.7909280915241412,0.08093853724230203,0.13969899730655877,0.07061139408299733,0.2739918529684723,0.008498870567745826,0.17640328587867748,0.26222441971636246,0.015807638995818364,0.5714534837762771,0.08537975048161114,0.11547808683482169,0.019159502949046846,0.4252533165098392,0.3641644573111841,0.6475119514999867,0.15533625208632953,0.737442865675602,0.052238219844427114,0.038498592710507214,0.4562788324437307,0.01692065343630603,0.36177849725386924,0.2810168435460991,0.2614999560171541,0.7061473319145318,0.06505248593626904,0.07132674461202616,0.15037919700676927,0.48136425197353994,0.5690873971558459,0.09325247177406663,0.24430894501285663,0.7471481325497281,0.37652423324877526,0.5082181491979212,0.2655566918730208,0.05897981924401497,0.47178158357367983,0.09483784941546193,0.05473542485502935,0.6653656919938244,0.1305856616883002,0.0768290500769081,0.21854970122344386,0.26027023594583193,0.19770097194809788,0.008810712212535602,0.21041157088855406,0.13435606948207368,0.3639887177747487,0.16382225426805108,0.07975226831516369,0.03911387343982219,0.009651438100849645
Pvalue,CMA,0.1629030490699133,0.842996587429089,0.34701700137686065,0.24789803199939486,0.4930856868656166,0.27452411619493566,0.365788056831471,0.757206990781782,0.7241466917714701,0.3682441112969471,0.36626833915533763,0.6971452308329991,0.37996757079978005,0.24811336839408174,0.6090397509240375,0.06043549591259995,0.5480620314613307,0.8376563664247548,0.819977063290528,0.8859331924322777,0.5047588044437308,0.634450149569183,0.6728375567451869,0.983947704314759,0.6287877824296411,0.32019646238607635,0.2888558397482384,0.23352938518808586,0.3977196650631387,0.4530478764457173,0.4731749637426579,0.31248046421180264,0.42516125306259245,0.4429217358905262,0.7918603594048292,0.4834922263049908,0.9213031617094005,0.013336584747182589,0.6359727455561364,0.35572162737669943,0.8467226850907721,0.2867304428185023,0.32466419794769397,0.8201046277372884,0.520069532821634,0.38525237922216804,0.7193424747611469,0.706036529522701,0.926336867538895,0.8643573824872495,0.020081697756561396,0.1549293767979403,0.950606870242942,0.8567925970236459,0.6491899423608678,0.4506768514018482,0.6595043193103306,0.6093864914724384,0.006106105217350233,0.5785474947639748,0.5859459597419914,0.25586066783951444,0.5990294566529034,0.4802643646453414,0.2939149279919533,0.2488483293665535,0.9830846046692967,0.633699243692257,0.5962869535559184,0.19538938005707013,0.20272089296691143,0.14122203866806404,0.5039764217794709,0.5089562435255035,0.5388323653277372,0.7751172838797763,0.6964516226553232,0.9037177246861513,0.9693952059593371,0.755830113774008,0.4926886342598501,0.06900904613356305,0.6650311443568198,0.4391962524181061,0.7817483259366419,0.9918396890136432,0.9006270724933272,0.002050754128892468,0.9417795245939256,0.27496454906253903,0.5013703467665587,0.4426311852835735,0.9491881461963398,0.5686844061707368,0.5735799248243221,0.5907251667366413,0.6048671954527582,0.3031151476330244,0.281295977063911,0.5088574216737496,0.4395606038329658
Pvalue,HML,0.4418301684626962,0.9045138517255586,0.4158890095877549,0.9668061791554132,0.7098212668325736,0.3115624817894525,0.21108758181849624,0.38012792057613476,0.3694528515533433,0.3397093479281248,0.8342653730885958,0.8004654436624103,0.3804721782673237,0.5476087629090597,0.9674794503207862,0.7089593042326283,0.41556648649503725,0.3225811689031085,0.3178206642299139,0.24342473144210308,0.3923239917765001,0.8191649752457608,0.9661357989645688,0.7613874645703602,0.7495939081072049,0.1878880164246672,0.17030447428700166,0.5605845149112332,0.9759891188400713,0.7838943201627045,0.8208161416256359,0.6871567257283513,0.7261853850686836,0.7528669599700741,0.9842127691024065,0.8337028003810718,0.48437048536849325,0.6008397882044235,0.5000820157261059,0.5950806127359471,0.7708949935155212,0.8737285940746429,0.2643190384813097,0.9101768973887276,0.5745449791110082,0.4850738911037007,0.7593590326724258,0.27518132094433206,0.5272562891471472,0.42613295204696855,0.2738373082381304,0.9206900329306669,0.8753536998725922,0.9041201134452679,0.1582277968739789,0.5968587047023703,0.40046705337701216,0.7867593593120095,0.15229775473289486,0.4259067890162386,0.42755981971488044,0.042144040766882204,0.9177293407180467,0.5251668746378941,0.5462969200745877,0.49288175777696486,0.9393468486382397,0.07765314852028324,0.653481209518852,0.4251699054809085,0.4056383790576189,0.4119741521515673,0.835841634147545,0.8899394153949809,0.7429151322331269,0.8812815727599294,0.9609949834312792,0.9168590790524007,0.3391792809349353,0.5081299765159679,0.8074195208184325,0.38894212152700247,0.9753313923019868,0.1805522831367384,0.7541236858985589,0.8721726811259558,0.9394895999986445,0.06072220489254606,0.5115622679287466,0.38257373518223947,0.9409926308431971,0.9659415039009787,0.017991843865896192,0.8160231542185812,0.9625659230777459,0.6202223180272456,0.40588832182289636,0.6961299558821619,0.6799035222121159,0.3289297958116941,0.8815088560357702
Pvalue,Mkt-RF,0.5383928327032372,0.4452088378293817,0.9827549547414723,0.8660439286714159,0.6129333863233597,0.8798364684049325,0.9091988946216828,0.7408412711601822,0.6471358686579382,0.728536728861462,0.8593537645327882,0.7620947586880025,0.6241023311221129,0.35991194349028865,0.7873547219465837,0.029089324057952577,0.7284200106572094,0.8047233198040129,0.8194188899965477,0.41918085508544045,0.5444255648765535,0.5054672457234359,0.40623362047713263,0.47261548101911277,0.26512135965942707,0.05736073157960438,0.04896631420077768,0.663912554954028,0.5469763799613954,0.5085144227000292,0.9178212867512061,0.6740096717222921,0.7326121551594633,0.537927055209991,0.3720891003472737,0.5773405049317255,0.9247008782571886,0.3742492666389078,0.8010616304661651,0.21568364845780433,0.6908730918828775,0.7746825581918191,0.22798118082916227,0.8876948860804342,0.4503177804543159,0.4496109649192993,0.6938216845591421,0.9103367032976042,0.5333422816877125,0.5236074244003752,0.41988069615859214,0.5170664037014044,0.7386738494708465,0.26781723463672574,0.05790502642140079,0.45134100943889865,0.7980804004256937,0.8493466179284961,0.7802570519210128,0.30058455443331117,0.3209657405176604,0.22692440718364948,0.6362756448747979,0.8526613738771616,0.8761721799913487,0.880785924629448,0.32469086167287287,0.16638262090101205,0.7325748062215891,0.6519719200532728,0.6301176648082283,0.038104743118387886,0.9129772364257097,0.9085276339645874,0.6955312550120993,0.9727080418834217,0.940680783059515,0.33932750330126205,0.8608639797449258,0.4337466764536718,0.6541465001685246,0.4137700823803515,0.8058746361495849,0.8966597548213123,0.9862850092533766,0.8370994529432578,0.6857094232928034,0.4865812017177864,0.9696403217619314,0.45201537140796444,0.4087253688956851,0.3811852946103591,0.6287594077062,0.8140138751124452,0.5007515073221831,0.3472249829255848,0.05448723088355357,0.598797473572285,0.6170050484742535,0.8425661950418586,0.8459130603197513
Pvalue,RMW,0.5206416765568473,0.20736442052004786,0.3394911929690313,0.6769753822930324,0.767917694736499,0.20853824192720455,0.33007057913403115,0.47057751966325745,0.6572782493568223,0.7496244994126016,0.9632237976709962,0.9887628015015081,0.08065525905014811,0.13889345822060245,0.24348374370504694,0.03768918265435717,0.9566641858277891,0.40969392140246796,0.39144830192755564,0.11162713930453738,0.9511942923926715,0.9513681392719918,0.2268748297770817,0.21154056550199257,0.9465087486619714,0.6764835323671068,0.7867340571156257,0.0988388795597803,0.9709525874961876,0.7992331019986504,0.22216142926636165,0.26822512140053195,0.2247219011456598,0.024480376148597778,0.7263875562765819,0.8576688538939254,0.10304135126743716,0.20161387586742352,0.45132140989344793,0.5747687574923888,0.08397696947192072,0.034056681441821245,0.2917581223955215,0.4520900885182155,0.40735357088360824,0.5133085422459579,0.33771280257436265,0.3304245502634424,0.5136781650088105,0.5976124762138864,0.30318193322312104,0.31418057582467473,0.4242726169230413,0.565856171954377,0.2918801173084068,0.22990959069592543,0.9353430279443361,0.40962771423809563,0.47146391185790604,0.08148488122983043,0.07810227437476885,0.12801128352858732,0.6927520013252298,0.8298506161194507,0.14150427662873974,0.15688098418961552,0.3992033219221366,0.6004660517429395,0.4741829506456261,0.4036596773024662,0.39779483156065054,0.9170287186403605,0.20976178724926037,0.21761048262051783,0.27418135227312346,0.7145964663498883,0.6841074675956711,0.1677835393656924,0.24658382327211895,0.6036460993053188,0.5451829446097074,0.24470942009931337,0.11195179892437489,0.01028582193940118,0.6323480035339065,0.07332641852563303,0.13504074179209122,0.12027433494216587,0.30035618648378765,0.1142724812447683,0.38291524895219686,0.3899243480147476,0.09603034603606445,0.3138688579307624,0.22583736779547786,0.2791446951288426,0.9197718665285178,0.6293844330670444,0.8032581490309549,0.058212276038671615,0.09217105401649511
Pvalue,SMB,0.9241560299728323,0.9145546454575632,0.8170199209590356,0.5317740965865396,0.4545204186338323,0.13533681730850985,0.3708400181735121,0.45197512521227834,0.5038200029157347,0.24642507697125435,0.466260183911425,0.5933264742378396,0.6409861531447307,0.8089007426632973,0.7324734028899101,0.38101682721358676,0.9415611254604814,0.9687538415858141,0.9775115892763366,0.6136307409033681,0.7473555862839245,0.9103742048687726,0.767988619648522,0.5163528391085056,0.011477193811977404,0.9645246021063387,0.9335906602314217,0.9630543099758986,0.9935431687677028,0.9725882907298582,0.24947199896136546,0.8157559677134859,0.8299948105323001,0.012623307354702778,0.8675597426660596,0.972304361741201,0.7083798524720235,0.26435534646407083,0.6205847427390927,0.9979073239132326,0.14237925359337203,0.07686083213241124,0.5815379959224996,0.8995536948154593,0.9067328740302372,0.8656962302547775,0.7723459567513061,0.43889460172850747,0.7074962657388844,0.5900158431540005,0.8744270621250153,0.46982883160047284,0.5265091708527784,0.44076090866084383,0.20482491997908933,0.7302194669905747,0.6526600480906415,0.9041249451745419,0.49435753920389347,0.7457236178511952,0.7593411784455141,0.23113888597621443,0.3339284071329599,0.4655953263577841,0.9126998198083927,0.955791441137293,0.74860571451101,0.9724771896818432,0.43939618416885773,0.5688410092564442,0.579997151376002,0.23444997368583287,0.4010726251136798,0.45315301931690566,0.34366148617359915,0.8050787622220119,0.9768998699972495,0.976963426885269,0.9507260423056434,0.5517542159806128,0.8678776973312827,0.7820828191776822,0.3900334855247214,0.42544333973021475,0.8072891834153569,0.9006478213642499,0.9530383198181801,0.7373948735059546,0.3766450150929137,0.9512512264905325,0.9165682969563997,0.8904413977544239,0.0062379830222292825,0.4202232832000541,0.7223729753444907,0.6803855890832075,0.07422354999181925,0.6138128544723683,0.7191015711793782,0.8916728163828515,0.85292018693263
Rsquared,Adj Rsquared,-0.009182942401448901,-0.012882086358923628,0.0026089053589102296,-0.00853361016803178,-0.017399713385153337,-0.0036849105869907195,-0.011302665720427152,-0.011813576520069313,-0.014625464400005672,-0.013527546783420163,-0.013375577729994426,-0.01886039657978822,-0.003548388687848014,-0.0007058239674901934,-0.011415627149863772,0.04236028646593559,-0.018702851399080123,-0.011713262531496627,-0.011357148888764712,-0.0001402773148864167,-0.016849685107952928,-0.01744512746559912,-0.012547786815340745,-0.013170307209751542,0.01764947430586239,0.0011536944781191938,0.002100157362638244,0.007555833113904731,-0.0170184945649674,-0.013837828650731687,-0.008092031677117362,-0.013308053687804966,-0.01388373902865947,0.02653758283494634,-0.01852235341938413,-0.017590645838629904,-0.007456394301264435,0.037413997261867005,-0.013646500784430415,0.0001506854551424075,-0.004673822554070117,0.008766033221365488,-0.002193256832706769,-0.019889732397319948,-0.014344433987563132,-0.012792253551032307,-0.011295108849044277,-0.013700492784693097,-0.01593405713233298,-0.014390757770440743,0.013274184707867231,0.004636033134486128,-0.01946340585706996,-0.01530786443193577,0.01602236224276199,-0.004673111852504741,-0.015146460907705439,-0.019455459369347672,0.022404224799338568,0.006188075448203323,0.005831388471247645,0.026732545165350396,-0.012178501929156704,-0.018922218467893215,-0.008817822736377101,-0.0084527721101324,-0.013999899849088226,0.005041096326356742,-0.014773518332621194,-0.012007336443600636,-0.01208917369515694,0.006125287391797296,-0.012414117834611771,-0.013398276782862428,-0.0078440989867532,-0.020946237266663337,-0.021586696202066102,-0.010526595100599279,-0.009676714514246454,-0.01635217822979218,-0.01284679789096499,-0.0016738548029642253,-0.010336878016695916,0.016741604334817972,-0.019360892740132307,-0.0052727212988425975,-0.0094313821591272,0.045591827969143295,-0.01533487912316156,0.012616036352359639,-0.010784626457066127,-0.00948959465104493,0.03882405239509823,-0.008002150411669628,-0.010615181204226776,-0.0057102207672456995,0.024865282251003262,-0.01665317398456101,-0.017006796404978486,0.015018201910372841,-9.104505328760837e-05
Rsquared,Rsquared,0.014396098308865346,0.010783382948527875,0.025912435607533868,0.015030259228417608,0.0063713079556213525,0.019765671436069776,0.012325901235657577,0.011826927604231319,0.009080738039246916,0.010153003375071079,0.010301421749678408,0.0049447528730106605,0.01989900357121377,0.022675153228011835,0.012215579091955475,0.06473504612794645,0.005098617091552571,0.011924897808024304,0.012272691038542893,0.023227486173779233,0.00690848510484976,0.006326954951821451,0.011109871755111134,0.010501896229728636,0.040601589392174064,0.024491224980966897,0.02541557424668872,0.030743780938346177,0.006743619794027267,0.009849971084098463,0.015461520464871481,0.010367368127330634,0.009805133378552267,0.049282031834129825,0.005274897828732361,0.006184836540777283,0.016082306500166954,0.059904324428645794,0.0100368286731497,0.02351165074824657,0.018799864888782047,0.03192570534236161,0.021222473467122915,0.003939466957757598,0.00935520232055742,0.010871116859038632,0.012333281544624985,0.009984098168220212,0.007802719903469146,0.009309960869055556,0.036328526186655385,0.027892200584614946,0.00435583259753447,0.008414281933296297,0.03901249396606199,0.018800558985170635,0.008571914347147547,0.0043635934196558646,0.04524524758440074,0.029407980227450947,0.029059627058368065,0.04947243896989828,0.011470528489748943,0.004884375421543519,0.014752687140641041,0.015109208546646435,0.009691686595983962,0.028287799683217596,0.00893614331066428,0.011637694781717056,0.011557769615477609,0.029346659181708534,0.011240417628813781,0.01027925304851296,0.015703660335367187,0.002907646781623141,0.0022821518400382157,0.013083839364367966,0.013913862927675158,0.00739436799053006,0.01081784691957155,0.02172973993542271,0.013269123806124106,0.039714931336340964,0.004455950548188592,0.018214959105335993,0.01415346321842259,0.06789108432500446,0.00838789842644505,0.03568575512917371,0.012831836777911998,0.01409661083145608,0.061281434348483765,0.015549301700752527,0.01299732302951695,0.01778768158712929,0.04764880369373681,0.007100404846854036,0.006755044632520968,0.03803179532368195,0.02327556814889198
Stdev,Alpha,0.005582775903483456,0.010214599005089222,0.0055357235427028195,0.006139010943435549,0.00571032977240052,0.010585664919128372,0.007538451831908681,0.004629345446075327,0.0045440854387763345,0.0588885873093059,0.0038136717205533746,0.0034686467867468223,0.046018335974260194,0.004344895437097467,0.004090853584214073,0.009592621706721632,0.006111450048824393,0.005832325641187816,0.005896947007993941,0.004044940457781719,0.004080935838828332,0.006216520574236433,0.003604155031085537,0.004277073788650071,0.01577244372829545,0.007231856757700571,0.007447487950310872,0.11034047570938864,0.004162454945252596,0.004198506499248663,0.01069459566389307,0.0049908616511042635,0.0052137523443586626,0.018111650009895616,0.0029586205394613535,0.002889683539978282,0.031042538206657443,0.0040751571233126,0.007665116081782243,0.0035922097211885775,0.004687354234265921,0.004396950121089272,0.07886344663244414,0.00719291169443939,0.005011603376339222,0.004743552477481715,0.01570244555457086,0.006729811321227864,0.0053336671441739335,0.005365991491094413,0.09335240620324173,0.004461716904753942,0.005140855540612033,0.005390679336517139,0.007197764369814718,0.006965645765047383,0.004859137972006903,0.003782194257146791,0.05030171228762884,0.007629994794848679,0.007663297489270548,0.008382692921136034,0.0054809250761812915,0.005449499790759647,0.006838782364326467,0.006937434616338491,0.01298604330411084,0.010993036034261982,0.004564207540937413,0.023900050866044117,0.026520044765137675,0.01203597530859083,0.0038237038241154863,0.0038167818649800242,0.003929365581306993,0.008628163235080252,0.008231169271071913,0.012475254401376909,0.003979212786727197,0.005638474235526437,0.00534331540852042,0.008218800954464183,0.005681174631841813,0.007759986337254614,0.005587638186054851,0.005744976372733044,0.0059136451168106206,0.015083058302349487,0.006771235357795024,0.0068565053108292405,0.008258416659692203,0.00831547015166714,0.0361322647056202,0.006273210349998848,0.00814478347503457,0.00874194153736585,0.14958128654545444,0.004377875514882122,0.004309921661858605,0.01082789088949911,0.004564068286606674
Stdev,CMA,0.34531846120277304,0.6318164424332134,0.3424080723385901,0.37972396688382126,0.3532082111222382,0.654768449222676,0.4662853446833943,0.28634472768597563,0.28107103319570337,3.642509873872268,0.2358918346072792,0.2145505733282216,2.846430027010099,0.2687502834368235,0.2530367131206556,0.5933444981373053,0.37801920819727663,0.3607541750676006,0.3647512817636418,0.25019679075179674,0.2524232583385878,0.3845182675864262,0.22293233523740674,0.264555225694406,0.9755928039783718,0.44732113385561706,0.4606588412805285,6.825028254595238,0.25746556218092675,0.25969550430382704,0.6615062796156793,0.30870604431030296,0.3224927827611519,1.1202826728828372,0.18300327823157456,0.1787392312784133,1.920113167835128,0.2520658201780526,0.474120067877003,0.2221934669569095,0.2899328182381532,0.27197008729161026,4.878039976361972,0.4449122158640487,0.3099890083347692,0.2934089188743023,0.9712631188798714,0.41626748589019263,0.32991002372936096,0.3319094222241133,5.774243820097689,0.2759761886395404,0.31798380505336327,0.3334364705848523,0.4452123744988023,0.43085485042824506,0.30055837387605067,0.23394481946390838,3.1113750906946263,0.4719476667330144,0.4740075801865511,0.5185052508476802,0.3390185538512587,0.3370747661384312,0.42300780890673906,0.4291098707569602,0.8032420731933858,0.6799660872881087,0.2823156708946827,1.4783199129631364,1.6403776916089026,0.7444763222617993,0.23651236292949498,0.23608421028312512,0.24304799252168144,0.5336886349826745,0.5091328679004583,0.7716476046098492,0.24613125442732645,0.3487636402042518,0.33050680996169524,0.5083678348537287,0.35140484153550605,0.47998819713742913,0.345619214083511,0.3553512508787273,0.36578413089483736,0.9329513799665754,0.4188297389362541,0.42410404861259904,0.5108182349065531,0.5143472363201218,2.2349344239539937,0.38802477160353943,0.5037895385830878,0.540726307449343,9.25223949296937,0.2707902416776403,0.26658700651926,0.6697511568931701,0.28230705742137874
Stdev,HML,0.21618261280744983,0.39554134715002875,0.21436059765438414,0.2377217801232772,0.22112189912897026,0.4099101844824954,0.29191252554634345,0.17926279174064275,0.17596125654300426,2.280351009812498,0.14767734388634218,0.13431689507673167,1.7819744657418901,0.16824799422466744,0.15841069599378016,0.37145643315874255,0.2366545357431772,0.22584596223343703,0.22834830446619975,0.1566327955718571,0.1580266497508868,0.2407231964068541,0.1395641997911865,0.16562172703792294,0.610758546373648,0.2800402015695121,0.28839011842578327,4.272729686747541,0.16118332552028852,0.16257935489230316,0.41412832496053253,0.19326183435430458,0.20189286187022795,0.7013399586664801,0.11456707730780537,0.1118976202267756,1.2020645524214852,0.1578028797410459,0.2968173630251103,0.1391016398838995,0.18150907416602394,0.1702637150396822,3.0538402835343494,0.27853212643318065,0.19406501908407842,0.1836852466048994,0.608047997293917,0.26059942585487067,0.20653633944957558,0.20778803966025453,3.614898293210523,0.17277168826981437,0.19907006873439295,0.2087440305544513,0.2787200372610342,0.2697316760358396,0.18816107988946762,0.1464584376645216,1.9478402463267406,0.29545735651477906,0.2967469414127069,0.32460419142436964,0.21223862896438644,0.21102174323798067,0.26481912681093267,0.26863925177528797,0.5028603726976892,0.4256848731990741,0.17674044752175128,0.9254850153000919,1.0269394058107715,0.4660707567132653,0.14806581843690744,0.14779777844434444,0.15215737345154334,0.3341095727530406,0.3187367199121163,0.4830810225150729,0.1540876137648193,0.21833942711600107,0.20690995054046296,0.3182577798567541,0.219992920539875,0.3004910372080433,0.21637089565610157,0.22246352428360114,0.22899490767136882,0.5840633780221146,0.262203494621545,0.2655054149492808,0.3197918243558463,0.3220011147121429,1.3991547441188679,0.24291840252933886,0.31539159063957073,0.33851542587953787,5.792257097821015,0.16952508639339142,0.16689369983033933,0.4192899346408157,0.17673505515680876
Stdev,Mkt-RF,0.12647973829264378,0.2314153086678366,0.12541375062262597,0.1390814374291686,0.12936951575062453,0.23982193657273035,0.1707862596162215,0.10487943822364545,0.10294784297489531,1.3341415167062483,0.08640006503730098,0.07858340463632367,1.0425614768193843,0.09843512390495476,0.09267971698489169,0.21732419570154102,0.13845703573406293,0.13213337477412088,0.13359739441292667,0.09163953906699644,0.09245502699866838,0.14083744519095934,0.08165339124813842,0.09689860076762984,0.35733022236223294,0.1638402411089303,0.16872544110272983,2.4998020218044834,0.09430187083131403,0.09511863138077839,0.2422898006475296,0.11306971413496751,0.11811938065177897,0.41032575781345704,0.0670285818395149,0.06546679003485754,0.7032795469844286,0.09232410818001377,0.17365588244400615,0.08138276607963592,0.1061936475839821,0.0996144409547546,1.7866789323754868,0.1629579270962917,0.1135396251657539,0.10746683841544727,0.3557443892844401,0.15246622636897572,0.1208360923307462,0.12156841170190917,2.114931372797414,0.1010817550632884,0.11646787809827491,0.12212772346402509,0.16306786615207713,0.15780913807640648,0.1100854681707362,0.0856869321079823,1.1396028634861386,0.17286019741980765,0.17361468159537516,0.18991283640658588,0.12417227222114537,0.12346032140230251,0.15493500341660676,0.157170004647567,0.29420334739498205,0.24905107149070763,0.10340371622849359,0.5414640012385179,0.6008208782499899,0.27267922507464876,0.08662734584795807,0.08647052644573572,0.08902114986734991,0.19547405211773516,0.18648001518349183,0.2826312463725743,0.09015045571898425,0.12774160346185778,0.12105467712988892,0.18619980665019026,0.12870899585666823,0.1758052012222173,0.12658989500281215,0.13015444658405687,0.13397569590122357,0.34171195471835303,0.15340470238782689,0.1553365229606828,0.18709731429085916,0.1883898810817219,0.818589078783523,0.14212177186397248,0.18452291479760896,0.19805173930153996,3.3888162990639197,0.09918229908790836,0.09764278080972916,0.2453096505468944,0.10340056137298578
Stdev,RMW,0.2932129883861902,0.5364809820827677,0.2907417512178655,0.32242701042990124,0.29991224548193995,0.5559697359616014,0.39592704913340676,0.2431378647437356,0.23865992366887226,3.09288765397671,0.20029786279073633,0.18217680730541,2.4169291486612035,0.22819826504982074,0.21485573220471285,0.5038141107063013,0.32097948460919057,0.30631959083778215,0.30971356981927795,0.21244432876668776,0.21433484227237795,0.3264978939596623,0.18929383617427945,0.22463620406755377,0.82838455988192,0.3798243684084018,0.3911495348610071,5.795192424348678,0.21861630748224176,0.22050977124756269,0.561690887903176,0.26212505832971283,0.27383150103535914,0.9512420193496669,0.15538971738681687,0.1517690770497766,1.630385233444018,0.2140313383390848,0.4025795825449572,0.18866645652074523,0.2461845444658095,0.23093222924910234,4.141987294726507,0.37777893463511075,0.26321443453709964,0.24913613255034553,0.8247081856096595,0.35345643867617665,0.2801295465620708,0.281827253674454,4.90296197968734,0.23433384566982068,0.2700028878078402,0.28312388407093775,0.3780338020116752,0.36584270014040077,0.25520679862216106,0.19864463484968603,2.6418963676466154,0.400734977338552,0.40248406824271227,0.44026743767314863,0.2878636808088899,0.2862131933079282,0.3591797071266557,0.36436102232245715,0.6820400156371953,0.5773652754056994,0.23971675665111336,1.255254636433127,1.392859343121688,0.6321414918646973,0.20082475892916293,0.20046121069461362,0.20637422036552944,0.4531597846983571,0.43230926363668726,0.6552128702897226,0.20899224557675788,0.29613832063466144,0.28063628308001126,0.431659667246548,0.2983809882654889,0.40756226349023006,0.2934683603423253,0.301731919672083,0.31059057123778044,0.7921773460538715,0.35563207061320223,0.3601105340480523,0.4337403238084004,0.43673683041533773,1.897702772716562,0.32947529782641416,0.42777219500843994,0.4591355352216498,7.856159156823244,0.22993041180470192,0.2263614073055335,0.5686916868091775,0.23970944287403048
Stdev,SMB,0.23365936237521295,0.4275179107508851,0.23169005090573555,0.25693981049150943,0.23899795310407526,0.44304836126018526,0.31551147292890047,0.193754849530969,0.1901864098719173,2.464700356910941,0.1596159541307878,0.1451754128247171,1.9260337916491876,0.1818495879058483,0.17121701758821947,0.401485911354716,0.255786287374575,0.24410392142629703,0.24680855933847123,0.16929538719640266,0.17080192407504696,0.2601838688638995,0.15084692293297922,0.17901100663276398,0.6601338130647325,0.30267936023346736,0.3117043055016612,4.618147968709671,0.1742137935030506,0.17572268142278608,0.4476075068903896,0.20888561018046256,0.21821439180551316,0.7580380559847721,0.12382896980145587,0.12094370705372062,1.2992424932102165,0.17056006393125875,0.3208128298833725,0.15034696851206894,0.1961827271128572,0.18402826469324698,3.3007204611868115,0.30104936848624503,0.20975372639661552,0.19853482683948528,0.657204136337119,0.28166694300633094,0.22323325986480685,0.22458615068851367,3.9071358203776367,0.18673898882686976,0.21516339692821562,0.225619426306167,0.3012524705010161,0.2915374674052412,0.20337249781490946,0.15829850844499874,2.105308581735301,0.31934287700463115,0.3207367152095885,0.35084601581763303,0.22939653689623174,0.22808127504782064,0.2862277752675531,0.2903567288025903,0.543512877943415,0.46009831573763543,0.1910285926214833,1.000303566297639,1.1099597865136726,0.5037490962899572,0.16003583394723225,0.15974612492327336,0.16445816062479188,0.36111983623060373,0.3445042030580243,0.5221345150313959,0.16654444645034394,0.23599053901126693,0.22363707462187435,0.343986544276411,0.2377777050284438,0.3247834931851569,0.23386286648588508,0.24044803863179903,0.2475074355832696,0.6312805397393982,0.28340068875192864,0.28696954467596947,0.34564460481540704,0.3480324997957205,1.5122659548307709,0.2625565410052933,0.34088864506871536,0.3658818696748619,6.26051782154943,0.18322992343775438,0.18038580892502487,0.45318639416102735,0.191022764324111
Tstat,Alpha,0.49263385160423634,1.3127281233302732,1.4506082773770974,0.6933554486822442,2.5791469976949366,1.1047527565504138,2.1258352419665463,2.054855179731417,2.4563719456702318,1.3872553654100543,0.6381641669645627,1.4292799584477567,1.6187952209896521,1.0806133359765588,1.2060179265003044,0.3259135408765765,2.964092237593081,1.242401041512358,1.2818054196975082,0.3256113275875742,1.9693660901500494,0.10560128734886344,1.5888256889699788,2.0028437092878297,-1.2008741515951582,1.1376145105557691,1.1469192646017976,1.7237078984064236,1.7127712012242244,2.062780009770276,-2.2694301613032395,1.5499471971604522,1.9778389803103105,0.6663347307542397,0.7501239440379833,0.7076342787988458,0.2936478553296455,-0.40730951640477625,1.0109608695840073,1.5033607087615943,1.7669958825894216,2.1981073903304655,1.5239990051189263,0.8535074513393085,1.0455152425354508,1.2672281155970655,0.2654452887010226,1.7537537102144538,1.4825548163455091,1.8172473934106712,1.0967979286954825,2.6567512010289263,1.3565010658338337,1.124184163390593,-2.433180311314805,0.5668070599301706,1.728476203524386,1.580615825299774,2.3607243496947103,0.7989034791054371,0.9094419478390124,-0.4578833168270503,1.426083293049982,0.33568803264282965,1.9522992462046154,2.082664966259174,0.7463763394241826,2.4077293823662176,0.9139839131822657,1.0808333508064643,1.1258978256776428,0.37755094707358483,1.8546662514969972,1.8126108846205458,1.4434917859744845,0.7053718689440172,0.570299146492329,-1.6861844046381855,1.1675739535823113,0.3228281438108009,0.8862075662795283,0.662754313607154,1.1163440444963972,1.8987128909209987,0.7208919284377967,1.6780200972266412,1.9318074065396476,0.4331317936876695,1.5177616125466844,1.7781744967395952,1.2341049179038937,1.1288142162240118,1.292240072108142,2.64416075917426,1.2562946991513817,1.5029707435656496,0.9097758484800434,1.3972424777749606,1.760696861728705,-2.0760367536848405,2.6121130431514543
Tstat,CMA,1.400310820348837,0.19830834009509216,0.9425154284934372,1.1587065857517058,-0.6866162131310726,1.0955785632225328,-0.9063619353347736,0.30955604897577155,0.353397463201202,-0.9017190177470297,-0.9054524748720659,-0.38971352317561364,0.8798195611298117,-1.1581774536652394,-0.5122173477423936,1.8878213847150627,0.6016457418038147,-0.20514773252036878,-0.22786100166093587,0.14362726962252684,0.6681754920812852,0.47617071660185467,0.42285259511285295,-0.020144017478286674,-0.48414798311554536,0.9964238840147882,1.0633377803900204,-1.194774073668543,0.8474393644742192,0.7517487573804955,0.71862446120532,1.0124775620129403,0.7990626042335351,-0.7687294413654747,0.2642335159883521,0.7019485262944096,-0.09891172587068063,2.495911414349958,-0.47403084972762605,0.9255995935991909,0.19354173995961238,1.0680491072270042,0.9872447684324328,0.22769670532662775,0.6443276092448307,0.8700845952634728,-0.35982347065798387,-0.37770030612683814,0.0925661969994993,0.1710405183302029,-2.342760186124285,1.4274960239358587,-0.06201912597203458,0.18068158420481673,-0.45554524733436386,0.7557051562318329,-0.4412276305797656,0.5117210554167942,-2.7702367171601856,0.556378275007775,0.5455661927034228,1.1393516266093824,0.5266005157166126,0.7071445451798294,1.0522172032015746,1.156373915339142,-0.021227280075210388,0.4772268506079968,-0.5305600731944771,-1.2989585302975273,-1.2778468895284234,-1.4768462488551741,0.6694043019814505,0.6616001666722037,0.6155938789980255,-0.2860576728601688,-0.3906530277004967,-0.1211132106548211,-0.03841282010826721,0.3113694761715026,0.6872475601654107,1.8277754728280748,0.4335931059812451,-0.7750328123895868,-0.2773984927782595,-0.010239853971468753,0.12502102802040463,-3.121963995474854,0.07312129819126817,1.0945708016451414,0.6735047383038539,0.7692199395164339,-0.06380290454729101,-0.5708946121700611,0.5636745709656508,0.5386158273273864,0.5181995428040029,1.032320365661701,1.0802046853211447,0.6617546416477832,-0.7744149852849721
Tstat,HML,-0.7705731516506352,0.1201068917821504,0.8151944336258186,-0.04166418667104427,0.372603330867923,-1.0144048916471742,1.2544279331378148,-0.8795229597326811,-0.8994411489946934,0.956927682966855,0.20949567581692394,0.2530666588196792,-0.8788864425980205,0.6023279778475942,0.04081863421189022,-0.37376329250758084,-0.8157593761972872,0.9915140269756528,1.001339403747026,1.1697726498894099,-0.8571858763444112,0.22890707366046328,0.042506138131213976,0.30405635296608624,0.3195959121542401,-1.3211737804938575,-1.3759670414392213,0.5829066891084161,-0.0301337764859313,0.27460063534454743,-0.22678042577657628,-0.4032769854961477,-0.350674992983353,0.3152756215838572,0.019811343717898496,-0.21021739118532168,0.7005380446924019,-0.5239913400407678,0.6755360142121205,0.5323044009701373,0.29158257836832424,-0.15911923065228017,-1.1192479564526978,-0.11295216437444731,-0.5622547669206408,-0.6994093838652571,-0.30672372845305285,1.094075209973341,0.6332598587363517,0.7973841118888716,1.0971522816106793,-0.0996849091242125,0.15705426134809156,-0.12060456870088601,1.416124032741716,0.5297339062864147,0.8425074591782117,-0.2708686756825206,1.4367026396090419,-0.797774580081006,-0.7949234407851543,-2.044638358459541,0.10341932776623226,-0.6364695267021152,-0.6043040821228457,-0.6869404432445174,0.07618241409214425,-1.7731928556140275,0.4495772214712788,0.7990476482802974,0.8332794912992779,0.8220695657437749,0.20747409861998609,0.138549675279388,-0.3284303310000865,-0.1495275373871225,0.04896370004319008,-0.1045172907684072,0.9579808280255656,-0.6628922470731683,0.2440654885564546,-0.863336510678002,0.0309594881006092,1.3435455613845453,-0.31361836968034906,0.1610969176782592,0.07600276584564777,1.8857020751544449,0.6575322088026453,0.8750084592931673,0.07411139567627115,0.04275016501427667,2.384595938417526,0.23295651794642463,0.04699018148851019,0.4962744399829059,-0.8328352826163996,-0.3910888485127643,-0.4131729127403411,0.9785579185564071,-0.14923912390516209
Tstat,Mkt-RF,-0.6162610975268035,-0.7648748771810236,-0.021641024976892867,0.16889327907505644,0.5066515881460152,-0.15136161100098228,-0.11418735400529656,0.33117876541801006,0.45840768541728355,0.3475382458727597,0.17741561741691617,0.30312677716902264,0.4907723878994041,-0.9175503228148456,-0.2700936417172726,2.197416458888434,-0.3476938694372092,0.2475529810761481,0.2285799723979616,-0.8094431467950818,-0.607127116791482,-0.6670636865741972,-0.8322218740706946,-0.7195344697859875,-1.1173643936080762,1.9110943360140653,1.9804357463590416,0.4351362176959642,0.6032802776384694,0.6622909289483928,-0.10330333167044216,0.4212441823305264,0.34210963538234684,0.6169684566753607,-0.8944892716641966,-0.5581483385705742,0.09462811468051181,0.8904479656383307,-0.25229417340065247,1.2418501174111243,0.39822193390863325,0.2866261076927276,-1.20912418943273,0.14139400135593874,-0.7563053514243184,-0.757487607961778,0.3942184807583414,-0.11275035057102722,0.6239478129883654,0.6388693773102843,0.8082238879982501,-0.6489759605160753,0.3340538810813438,1.111064255158178,-1.9068997453287726,0.7545957193295373,0.25615850681963614,0.19018773639389697,0.27934403733245255,1.0377522138439144,0.9948374016884424,1.211885777619914,-0.4736054129466294,0.18595376395539095,-0.1560145004339955,-0.15015653862448874,0.9871902366195531,1.3887641878861445,0.34215933929096015,-0.4516744038841925,-0.4822716542919046,-2.0869555305077157,0.10941636681290091,0.11503523828568789,-0.3919002168025076,0.03425306569037903,-0.07450379370536103,0.9576862305808315,-0.17549070394499278,-0.7843092832414243,-0.448653419690074,0.8189108047952651,0.24606340442226243,-0.13004012177057603,0.017210618927057598,0.20586153937024418,0.405248421374572,-0.6969938062283079,0.038105019050332055,-0.7534701888074503,0.8278046459963113,0.8775690548771425,-0.4841880355874891,-0.23554825554879577,-0.6744800970912239,-0.9421081114160371,1.9338084657511208,0.5269351256614647,0.5008481438049575,0.19885920802327117,-0.19457707086886017
Tstat,RMW,-0.6434436087268828,-1.2647639478229635,-0.9573609878871037,-0.4171794116069084,-0.29548377217994004,1.2614907412987522,-0.9762472140492177,-0.7228543147709011,-0.444309913254722,-0.31955550529865423,-0.0461637708707432,-0.01410106586717439,-1.7554041135213962,-1.485593611431528,-1.16962573345456,2.0915239899162845,-0.05440535107286686,-0.8260920130852708,-0.8587753786179048,-1.5976703206717526,0.0612806115005144,-0.06106205548810531,-1.2120155611546541,-1.2531794796012925,-0.06717230396150523,-0.41785305549194474,-0.2709016173117642,-1.6578946468307088,-0.03645721897785423,0.2546638981985825,1.2244485628153072,-1.1101148732427433,-1.2176712579299696,-2.265926430721363,-0.3504051561584412,0.179563976937508,-1.637449313869971,1.2809982356554348,-0.7546284458857911,0.5619257028653291,-1.7363419405055176,-2.13341198323139,-1.0569421869148996,-0.7533455425544232,-0.8302344833902001,-0.6548124020110307,-0.9609000032012585,-0.9755312898041626,-0.6542373408150676,-0.5286452783170867,1.0321774245258812,1.0089180262197006,-0.8005995921511835,-0.5750793901420628,1.0566742995211147,-1.2041083971103799,0.0812221286826589,-0.8262090059200925,0.7214094001216922,-1.7505839561865777,-1.7704961437697073,-1.5280533802305003,-0.39567010716324535,0.21516227302816282,-1.475793623708326,-1.4207453741085896,-0.8447734593967511,-0.5245297012869007,0.7169864559740509,0.8368019534032621,0.8473041567721876,-0.10430325560257991,-1.258093164446194,-1.2366349071023433,-1.096363616744107,-0.36618630275508124,-0.4074323631418868,1.3841670091899982,-1.1619429498889424,0.5199537451431455,0.6059839874673608,-1.166579978865747,-1.5962146461481435,-2.589550747009634,-0.47912869026794386,-1.7998506307250466,-1.5003196605704252,-1.5599935446115176,-1.0382439059790571,-1.5859058862255526,-0.8743795111347883,-0.8615467658543746,-1.6719513164206399,-1.0095697146407132,-1.2147361117697004,-1.0850608898024012,0.10084287080678958,-0.48330595853161995,-0.24944942220755623,-1.904546490489577,-1.6918180250279335
Tstat,SMB,0.0953149030485444,0.10742528756756342,0.23167138832193818,0.6263420421506636,-0.7492975338080066,1.4991764820132762,-0.896832778808771,0.7535373340797293,0.6696500949351653,-1.1623347008381872,0.729913799871999,0.5348437302383895,-0.4670002769629568,0.2421508229981276,0.34229429096904296,-0.8778801384071271,0.07339608842560402,-0.03921822265648725,-0.028222541363509185,-0.5056564201416155,0.3225538508607722,-0.11270299169737008,-0.2953907860342105,-0.6500825082406624,2.550356409279297,0.04452981566600617,0.0834285247894504,0.046376675312379344,0.008102212639433599,0.034403420127701805,1.1548464177524593,-0.23330106664804964,-0.21497708242727004,-2.5159450350134644,0.1669640764200324,0.034759912376703166,-0.37454335706023567,-1.1191626326253845,0.4957598673600435,-0.0026259227190483497,-1.4725406306731719,-1.7779815643290051,0.5520001813190683,0.1263786514678043,-0.11730264935468938,-0.16933588965094493,0.2896829799534598,-0.7755445428567311,-0.3757332924480359,-0.5396457348392192,-0.1582316269093451,0.7240759362251917,-0.6344067964406627,-0.7723817313709151,1.2718919831384141,-0.3452955422033092,0.4507179919379673,-0.12059846131490017,0.6845957048219349,0.3247122810184864,0.3067472163573685,1.200926713882424,0.9684713546625292,0.7310041786441263,-0.10976657984771028,-0.05550214632984358,-0.320901460656947,0.03454291456044575,0.7746937534068994,0.5706631889281575,0.5542546466733345,1.1924166718297144,-0.8414231410142355,-0.7515735844665147,0.9491087305312136,0.24709304985113767,0.028990451065508797,-0.028910665390957775,-0.061869298629738244,0.5960988693873847,0.16655948946442295,-0.276962251540088,-0.8613480736305917,-0.7985751015278816,0.24423400897209352,-0.12499478684041274,-0.05896249344264748,0.33575176125829476,-0.8859828822375587,-0.061209035032394554,0.1048841832739731,0.13791370502675826,-2.7630101330776236,0.8076274735584831,0.3557682242922306,0.41251395257787216,1.7942188936093422,-0.5053966156221857,-0.3601460885637941,0.1363538359671489,-0.18562332122281353
is_significant,Alpha,0.0,0.0,0.0,0.0,1.0,0.0,1.0,1.0,1.0,0.0,0.0,0.0,0.0,0.0,0.0,0.0,1.0,0.0,0.0,0.0,0.0,0.0,0.0,1.0,0.0,0.0,0.0,0.0,0.0,1.0,1.0,0.0,0.0,0.0,0.0,0.0,0.0,0.0,0.0,0.0,0.0,1.0,0.0,0.0,0.0,0.0,0.0,0.0,0.0,0.0,0.0,1.0,0.0,0.0,1.0,0.0,0.0,0.0,1.0,0.0,0.0,0.0,0.0,0.0,0.0,1.0,0.0,1.0,0.0,0.0,0.0,0.0,0.0,0.0,0.0,0.0,0.0,0.0,0.0,0.0,0.0,0.0,0.0,0.0,0.0,0.0,0.0,0.0,0.0,0.0,0.0,0.0,0.0,1.0,0.0,0.0,0.0,0.0,0.0,1.0,1.0
is_significant,CMA,0.0,0.0,0.0,0.0,0.0,0.0,0.0,0.0,0.0,0.0,0.0,0.0,0.0,0.0,0.0,0.0,0.0,0.0,0.0,0.0,0.0,0.0,0.0,0.0,0.0,0.0,0.0,0.0,0.0,0.0,0.0,0.0,0.0,0.0,0.0,0.0,0.0,1.0,0.0,0.0,0.0,0.0,0.0,0.0,0.0,0.0,0.0,0.0,0.0,0.0,1.0,0.0,0.0,0.0,0.0,0.0,0.0,0.0,1.0,0.0,0.0,0.0,0.0,0.0,0.0,0.0,0.0,0.0,0.0,0.0,0.0,0.0,0.0,0.0,0.0,0.0,0.0,0.0,0.0,0.0,0.0,0.0,0.0,0.0,0.0,0.0,0.0,1.0,0.0,0.0,0.0,0.0,0.0,0.0,0.0,0.0,0.0,0.0,0.0,0.0,0.0
is_significant,HML,0.0,0.0,0.0,0.0,0.0,0.0,0.0,0.0,0.0,0.0,0.0,0.0,0.0,0.0,0.0,0.0,0.0,0.0,0.0,0.0,0.0,0.0,0.0,0.0,0.0,0.0,0.0,0.0,0.0,0.0,0.0,0.0,0.0,0.0,0.0,0.0,0.0,0.0,0.0,0.0,0.0,0.0,0.0,0.0,0.0,0.0,0.0,0.0,0.0,0.0,0.0,0.0,0.0,0.0,0.0,0.0,0.0,0.0,0.0,0.0,0.0,1.0,0.0,0.0,0.0,0.0,0.0,0.0,0.0,0.0,0.0,0.0,0.0,0.0,0.0,0.0,0.0,0.0,0.0,0.0,0.0,0.0,0.0,0.0,0.0,0.0,0.0,0.0,0.0,0.0,0.0,0.0,1.0,0.0,0.0,0.0,0.0,0.0,0.0,0.0,0.0
is_significant,Mkt-RF,0.0,0.0,0.0,0.0,0.0,0.0,0.0,0.0,0.0,0.0,0.0,0.0,0.0,0.0,0.0,1.0,0.0,0.0,0.0,0.0,0.0,0.0,0.0,0.0,0.0,0.0,0.0,0.0,0.0,0.0,0.0,0.0,0.0,0.0,0.0,0.0,0.0,0.0,0.0,0.0,0.0,0.0,0.0,0.0,0.0,0.0,0.0,0.0,0.0,0.0,0.0,0.0,0.0,0.0,0.0,0.0,0.0,0.0,0.0,0.0,0.0,0.0,0.0,0.0,0.0,0.0,0.0,0.0,0.0,0.0,0.0,1.0,0.0,0.0,0.0,0.0,0.0,0.0,0.0,0.0,0.0,0.0,0.0,0.0,0.0,0.0,0.0,0.0,0.0,0.0,0.0,0.0,0.0,0.0,0.0,0.0,0.0,0.0,0.0,0.0,0.0
is_significant,RMW,0.0,0.0,0.0,0.0,0.0,0.0,0.0,0.0,0.0,0.0,0.0,0.0,0.0,0.0,0.0,1.0,0.0,0.0,0.0,0.0,0.0,0.0,0.0,0.0,0.0,0.0,0.0,0.0,0.0,0.0,0.0,0.0,0.0,1.0,0.0,0.0,0.0,0.0,0.0,0.0,0.0,1.0,0.0,0.0,0.0,0.0,0.0,0.0,0.0,0.0,0.0,0.0,0.0,0.0,0.0,0.0,0.0,0.0,0.0,0.0,0.0,0.0,0.0,0.0,0.0,0.0,0.0,0.0,0.0,0.0,0.0,0.0,0.0,0.0,0.0,0.0,0.0,0.0,0.0,0.0,0.0,0.0,0.0,1.0,0.0,0.0,0.0,0.0,0.0,0.0,0.0,0.0,0.0,0.0,0.0,0.0,0.0,0.0,0.0,0.0,0.0
is_significant,SMB,0.0,0.0,0.0,0.0,0.0,0.0,0.0,0.0,0.0,0.0,0.0,0.0,0.0,0.0,0.0,0.0,0.0,0.0,0.0,0.0,0.0,0.0,0.0,0.0,1.0,0.0,0.0,0.0,0.0,0.0,0.0,0.0,0.0,1.0,0.0,0.0,0.0,0.0,0.0,0.0,0.0,0.0,0.0,0.0,0.0,0.0,0.0,0.0,0.0,0.0,0.0,0.0,0.0,0.0,0.0,0.0,0.0,0.0,0.0,0.0,0.0,0.0,0.0,0.0,0.0,0.0,0.0,0.0,0.0,0.0,0.0,0.0,0.0,0.0,0.0,0.0,0.0,0.0,0.0,0.0,0.0,0.0,0.0,0.0,0.0,0.0,0.0,0.0,0.0,0.0,0.0,0.0,1.0,0.0,0.0,0.0,0.0,0.0,0.0,0.0,0.0
