,sicdescription,sic_level,num_firms,total_market_cap,gvkeys,marketcap_id
0,AGRICULTURAL PRODUCTION CROPS,100,10,313094533.02,"[35168, 30443, 157875, 10390, 165510, 29962, 1266, 35967, 40016, 21287]",all
5,AMUSEMENT AND RECREATION SERVICES,7900,46,4233695512.4738,"[243174, 36404, 165746, 21808, 14418, 161844, 125240, 149318, 39351, 24861, 24481, 64344, 3028, 39648, 13710, 26361, 36977, 60923, 30259, 37623, 245918, 28704, 186392, 51380, 32918, 27187, 200480, 39276, 43188, 41948, 36550, 117036, 27186, 27240, 50991, 37855, 27251, 50302, 45397, 60807, 43757, 40015, 28749, 31006, 182172, 45502]",all
8,APPAREL AND ACCESSORY STORES,5600,21,2245484465.89,"[11672, 18675, 4990, 9248, 29150, 21898, 63643, 39310, 30059, 25234, 45506, 2436, 27938, 162988, 163051, 187163, 65430, 24171, 5109, 30435, 2818]",all
11,APPAREL AND OTHER FINISHED PRODUCTS MADE FROM FABRICS AND SIMILAR MATERIALS,2300,26,1529337508.994,"[178015, 64891, 43862, 11060, 105936, 198058, 111486, 165052, 35035, 8551, 16476, 175319, 150278, 10840, 19402, 8219, 38770, 30560, 63447, 37258, 14447, 45564, 33476, 19175, 10198, 38065]",all
14,AUTOMOTIVE DEALERS AND GASOLINE SERVICE STATIONS,5500,27,4163874375.1150002,"[30999, 28180, 23809, 64410, 18498, 145977, 65718, 9063, 64175, 27373, 19071, 63847, 144640, 39159, 65831, 111103, 43104, 13602, 35153, 176343, 36906, 312066, 63000, 35451, 174185, 37997, 17291]",all
17,"AUTOMOTIVE REPAIR, SERVICES, AND PARKING",7500,12,473770973.51,"[3278, 9299, 5600, 126474, 24350, 37751, 38936, 1393, 38198, 50458, 33049, 37839]",all
20,BUILDING CONSTRUCTION GENERAL CONTRACTORS AND OPERATIVE BUILDERS,1500,23,1940887798.1490002,"[6669, 25340, 8823, 16653, 12459, 12395, 14790, 12689, 258869, 5750, 12615, 22047, 18004, 18629, 37793, 29755, 43784, 37782, 45266, 45802, 45753, 31617, 41956]",all
26,BUSINESS SERVICES,7300,584,169159709276.3402,"[170617, 12141, 160329, 36910, 12142, 111534, 45097, 38212, 35604, 6066, 171007, 51139, 12635, 37453, 160225, 23650, 157855, 187118, 339965, 37136, 27364, 12540, 39960, 24616, 7163, 26494, 146738, 27928, 66009, 33175, 35182, 51461, 171067, 39538, 24975, 40413, 32526, 37420, 148170, 35620, 1891, 4384, 66065, 37966, 23546, 26367, 33037, 24925, 13824, 35013, 21847, 27885, 38087, 112111, 13421, 15044, 37871, 16721, 184700, 39524, 60849, 183377, 111864, 63172, 185881, 18689, 23071, 64630, 18869, 4423, 30091, 35005, 183974, 139665, 1878, 36898, 186904, 329579, 33195, 23238, 30736, 19484, 121077, 21002, 36758, 62965, 38646, 4066, 24071, 66368, 176092, 141913, 33301, 34919, 126056, 38931, 35447, 24638, 19044, 45281, 9225, 176928, 11811, 26746, 10789, 165993, 6136, 40292, 63185, 12568, 37512, 18699, 109826, 187697, 36494, 2596, 186278, 38188, 38822, 41545, 43515, 26061, 15704, 165123, 190455, 38329, 174077, 170655, 38708, 65605, 105811, 125595, 174310, 43081, 34243, 32878, 20116, 15855, 162449, 24035, 19730, 35868, 17001, 39687, 45551, 177983, 36273, 333070, 66326, 33152, 162385, 37517, 36945, 37076, 38777, 38041, 187039, 22000, 39554, 3336, 37596, 38107, 18626, 62266, 19877, 38881, 111880, 36717, 2312, 74615, 35158, 63290, 26749, 18683, 34300, 51497, 38927, 38681, 22638, 64901, 19753, 177528, 61870, 35627, 39378, 36711, 28420, 41640, 36691, 14370, 24083, 32930, 39547, 38954, 43288, 39963, 39555, 20088, 51266, 39621, 36218, 33759, 37382, 39942, 41570, 64302, 65986, 36463, 39457, 34101, 332179, 118267, 19908, 11745, 18630, 39408, 31564, 35288, 199356, 34955, 74382, 36293, 196268, 178796, 8599, 45768, 31091, 25749, 178310, 24352, 356257, 3382, 39810, 8334, 36964, 39539, 32884, 60791, 21864, 28590, 7183, 38771, 7882, 38412, 35211, 50621, 32541, 39550, 38739, 39070, 260893, 50290, 38832, 31460, 185375, 37428, 1410, 35377, 23818, 36051, 38747, 39589, 39914, 183581, 28384, 39818, 33694, 122902, 147242, 43198, 177744, 19649, 122172, 7648, 35120, 7161, 37953, 37414, 27803, 39992, 6013, 37023, 39157, 39103, 2536, 24135, 179507, 31236, 144520, 120048, 35222, 60793, 39048, 38403, 156153, 37148, 38350, 74362, 35354, 35922, 45223, 24501, 9551, 39069, 25201, 28410, 38722, 35614, 19849, 174302, 38915, 38757, 62213, 37790, 61179, 33693, 37752, 63596, 32502, 176523, 32571, 39056, 30280, 29155, 184392, 184263, 37866, 51119, 144437, 39787, 38744, 64929, 39867, 33603, 39111, 38545, 124036, 30622, 61461, 39124, 50248, 39107, 23464, 164532, 60787, 133766, 121759, 39805, 34910, 19802, 22320, 37188, 38858, 20540, 36754, 164660, 23607, 43211, 39309, 33638, 125074, 144396, 38647, 33233, 39182, 164312, 45098, 41214, 19767, 35490, 37510, 6379, 18556, 181290, 41539, 2578, 39910, 35743, 51596, 37574, 38992, 38360, 17754, 34610, 38100, 37895, 28719, 38924, 43533, 33159, 37846, 36641, 135965, 105394, 177111, 26630, 126318, 317637, 122175, 14113, 50883, 65021, 40672, 25138, 42244, 111629, 27977, 38662, 112820, 36598, 29275, 40084, 22864, 61080, 176021, 45707, 24901, 35391, 149721, 31457, 39295, 40528, 65587, 347085, 37824, 132602, 40534, 2504, 43754, 32935, 36383, 37214, 176251, 21984, 22207, 174428, 41502, 39240, 38308, 147849, 37775, 170311, 74444, 34076, 37750, 345764, 45655, 39552, 41641, 37025, 39661, 133869, 38328, 28862, 34038, 165923, 39434, 150562, 39294, 50620, 8661, 340388, 166593, 39025, 63417, 116166, 29064, 23949, 20143, 38445, 41426, 34613, 39355, 187122, 38259, 177734, 39901, 39575, 39895, 41690, 39476, 43220, 39199, 187357, 37550, 50435, 37191, 36335, 45320, 37787, 8892, 37212, 21663, 34482, 137943, 50266, 20801, 39311, 41685, 39557, 35399, 27318, 37526, 43788, 41427, 40291, 35345, 107446, 16972, 36950, 186464, 34766, 62057, 62723, 39885, 41498, 30998, 40757, 25302, 37669, 39248, 166226, 34584, 37138, 51859, 297443, 40208, 43284, 23226, 27656, 38040, 101944, 40008, 36348, 39564, 61836, 36003, 37610, 141887, 348615, 66402, 126020, 125601, 39835, 270615, 178882, 39054, 177943, 19033, 39426, 51517, 35762, 37562, 39566, 36863, 40261, 25367, 32995, 38491, 180345, 61321, 36089, 41936, 63454, 63476, 200264, 64673, 38596, 2573, 179363, 294508, 43857, 65460, 34036, 65540, 41461, 22040, 40660, 36737, 31244, 40485, 37039, 37601, 37671]",all
27,BUSINESS SERVICES - Large Cap,7300,116,158660009810.94,"[170617, 12141, 160329, 36910, 12142, 111534, 45097, 38212, 35604, 6066, 171007, 51139, 12635, 37453, 160225, 23650, 157855, 187118, 339965, 37136, 27364, 12540, 39960, 24616, 7163, 26494, 146738, 27928, 66009, 33175, 35182, 51461, 171067, 39538, 24975, 40413, 32526, 37420, 148170, 35620, 1891, 4384, 66065, 37966, 23546, 26367, 33037, 24925, 13824, 35013, 21847, 27885, 38087, 112111, 13421, 15044, 37871, 16721, 184700, 39524, 60849, 183377, 111864, 63172, 185881, 18689, 23071, 64630, 18869, 4423, 30091, 35005, 183974, 139665, 1878, 36898, 186904, 329579, 33195, 23238, 30736, 19484, 121077, 21002, 36758, 62965, 38646, 4066, 24071, 66368, 176092, 141913, 33301, 34919, 126056, 38931, 35447, 24638, 19044, 45281, 9225, 176928, 11811, 26746, 10789, 165993, 6136, 40292, 63185, 12568, 37512, 18699, 109826, 187697, 36494, 2596]",large_cap
28,BUSINESS SERVICES - Small Cap,7300,116,36111211.3079,"[20143, 38445, 41426, 34613, 39355, 187122, 38259, 177734, 39901, 39575, 39895, 41690, 39476, 43220, 39199, 187357, 37550, 50435, 37191, 36335, 45320, 37787, 8892, 37212, 21663, 34482, 137943, 50266, 20801, 39311, 41685, 39557, 35399, 27318, 37526, 43788, 41427, 40291, 35345, 107446, 16972, 36950, 186464, 34766, 62057, 62723, 39885, 41498, 30998, 40757, 25302, 37669, 39248, 166226, 34584, 37138, 51859, 297443, 40208, 43284, 23226, 27656, 38040, 101944, 40008, 36348, 39564, 61836, 36003, 37610, 141887, 348615, 66402, 126020, 125601, 39835, 270615, 178882, 39054, 177943, 19033, 39426, 51517, 35762, 37562, 39566, 36863, 40261, 25367, 32995, 38491, 180345, 61321, 36089, 41936, 63454, 63476, 200264, 64673, 38596, 2573, 179363, 294508, 43857, 65460, 34036, 65540, 41461, 22040, 40660, 36737, 31244, 40485, 37039, 37601, 37671]",small_cap
29,CHEMICALS AND ALLIED PRODUCTS,2800,723,47191247952.5934,"[6730, 8530, 16101, 25124, 6266, 3170, 8762, 24856, 7257, 2403, 37851, 264265, 1602, 36473, 41897, 74797, 24344, 24197, 136186, 3026, 9667, 1209, 23812, 13721, 34410, 294524, 29751, 4213, 112759, 45722, 34102, 61567, 24468, 4060, 121440, 34443, 4510, 8247, 3121, 38474, 29127, 27907, 16848, 29392, 162129, 28113, 62921, 27155, 24040, 12181, 122257, 27716, 6078, 163946, 35264, 158563, 8902, 39791, 39991, 36474, 36083, 26359, 21032, 160684, 15414, 35727, 7637, 39190, 33955, 162254, 16582, 32348, 20645, 61711, 64857, 22410, 33133, 45458, 26385, 4462, 11012, 21601, 151630, 22134, 35714, 133885, 13971, 162892, 32356, 20898, 40108, 36288, 33810, 37187, 25937, 28806, 177287, 21004, 315318, 26349, 36911, 35982, 24782, 36600, 24302, 35267, 43858, 39344, 285085, 63005, 23358, 5608, 36028, 27670, 174134, 38821, 22387, 41768, 146616, 20185, 30137, 186159, 26340, 8123, 271357, 33445, 39774, 20649, 33723, 175008, 19149, 2593, 38782, 41916, 37664, 140982, 29837, 41622, 43106, 35255, 45388, 17653, 162401, 34241, 38076, 37082, 35640, 22035, 43091, 117829, 36949, 35279, 35136, 41615, 1794, 40610, 7526, 141846, 21744, 22741, 179598, 18159, 1979, 30311, 21015, 36819, 176022, 18204, 61655, 4926, 36276, 35375, 187550, 38763, 18888, 18315, 38857, 162335, 38687, 16453, 20096, 39063, 37105, 183945, 50526, 11234, 29955, 34077, 33719, 18947, 38467, 12151, 64334, 35054, 37240, 38027, 36767, 37925, 37513, 180057, 178157, 14309, 39402, 175966, 36847, 32775, 253527, 26874, 35728, 25870, 12713, 160340, 14269, 176636, 34118, 18162, 33660, 37495, 141496, 35429, 33447, 50517, 185836, 37527, 18938, 51869, 28194, 26081, 179834, 37350, 33657, 24599, 35664, 31061, 39175, 20115, 347007, 32919, 37675, 194255, 36264, 26895, 133468, 39057, 10056, 40470, 20659, 35647, 43287, 181269, 22590, 19859, 37013, 110566, 35729, 43229, 27119, 160668, 45412, 39189, 33743, 37035, 36768, 37412, 33500, 183593, 63863, 38957, 166447, 17651, 43385, 36677, 284719, 38711, 17199, 36328, 38635, 31249, 26112, 182309, 23339, 29251, 23555, 19205, 32715, 164363, 28347, 36204, 321134, 37364, 50516, 37848, 38661, 26162, 184256, 32901, 28070, 23980, 190856, 186437, 177367, 19717, 39204, 61399, 35254, 32908, 39417, 38223, 349994, 63405, 31059, 34616, 38664, 43837, 39677, 26146, 22449, 37633, 36700, 32285, 35376, 20233, 45711, 50681, 37386, 35638, 74570, 39525, 31177, 37844, 34578, 39266, 45769, 16745, 24996, 166435, 31301, 32271, 38987, 137642, 38121, 346027, 106233, 43861, 163113, 39269, 35712, 36536, 32894, 32861, 64028, 6528, 1864, 34945, 37081, 20502, 16269, 62475, 35958, 20420, 37707, 39198, 254096, 12818, 38874, 21020, 31796, 50763, 37351, 180683, 61519, 41225, 36828, 23627, 25904, 34263, 65376, 359645, 33997, 37803, 33595, 20018, 37325, 27338, 39290, 31542, 248780, 38790, 150221, 133871, 34929, 36356, 43843, 22460, 39477, 35430, 35649, 162453, 31112, 37534, 38333, 21524, 185289, 170945, 39683, 39899, 20473, 37292, 36987, 50567, 30449, 18562, 34161, 13786, 38867, 26149, 36642, 129466, 35091, 170730, 35100, 186139, 37288, 42984, 36052, 220211, 38625, 12915, 32846, 33665, 36044, 45447, 26873, 133868, 26341, 155387, 253355, 179841, 18658, 39693, 27372, 38496, 41538, 39291, 34562, 160809, 21841, 66697, 39941, 32254, 176992, 254381, 32525, 26528, 12252, 7799, 34883, 1585, 34065, 62592, 32941, 38529, 19154, 177764, 39544, 144887, 39872, 45804, 34214, 38386, 39869, 38705, 12711, 157354, 18930, 33634, 38535, 34078, 187368, 157865, 45151, 39028, 36464, 36609, 40321, 74388, 43860, 100336, 39271, 38617, 62169, 21012, 41878, 36530, 20307, 196269, 39951, 39839, 24177, 330826, 40511, 32749, 39527, 45685, 25027, 331856, 39399, 37135, 126122, 39620, 43792, 43455, 36475, 143909, 278308, 287462, 36301, 156578, 21807, 25648, 34942, 39806, 41132, 38910, 34353, 33466, 43928, 164720, 138781, 26817, 175505, 28209, 39740, 21577, 38986, 22817, 32897, 39649, 36402, 187551, 37084, 35090, 43186, 4632, 32640, 240066, 40363, 36632, 38082, 22358, 43551, 38441, 19988, 26809, 38745, 20225, 42893, 112968, 21522, 182902, 39097, 74422, 39642, 42220, 39216, 185659, 29914, 41684, 35321, 41616, 39359, 22116, 38920, 28365, 17175, 101350, 18878, 36558, 34570, 32193, 41766, 34928, 35416, 178118, 183486, 106261, 39411, 31418, 163595, 50724, 34504, 31628, 126010, 43758, 39051, 37036, 36599, 38025, 178291, 12717, 37825, 34566, 178097, 160997, 41176, 31102, 33114, 24598, 26922, 25999, 34181, 20040, 27354, 19209, 170450, 43842, 13484, 34164, 43574, 332115, 185908, 33631, 289153, 39755, 36786, 21282, 41238, 41309, 38139, 21967, 38173, 39633, 31942, 101204, 287111, 37310, 38453, 18172, 322154, 38791, 27939, 10761, 26669, 35102, 186974, 45390, 18173, 39853, 62525, 39104, 36985, 37807, 237269, 32674, 37541, 14063, 27699, 38883, 22138, 37938, 65944, 50682, 37352, 21901, 26798, 37063, 39342, 38511, 2990, 21873, 39926, 39912, 39089, 43386, 179163, 183968, 38422, 24966, 50874, 45157, 166491, 281772, 36704, 38840, 23334, 171187, 36140, 34469, 37640, 165266, 32395, 32233, 16947, 39881, 38783, 39863, 33240, 36394, 39879, 33184, 20720, 170430, 35814, 26356, 34107, 32347, 33597, 220301, 37110, 32018, 35014, 38469, 32731, 19549, 38400, 34621, 25935, 3691, 65937, 39801, 43442, 31656, 19138]",all
30,CHEMICALS AND ALLIED PRODUCTS - Large Cap,2800,144,43595715233.96,"[6730, 8530, 16101, 25124, 6266, 3170, 8762, 24856, 7257, 2403, 37851, 264265, 1602, 36473, 41897, 74797, 24344, 24197, 136186, 3026, 9667, 1209, 23812, 13721, 34410, 294524, 29751, 4213, 112759, 45722, 34102, 61567, 24468, 4060, 121440, 34443, 4510, 8247, 3121, 38474, 29127, 27907, 16848, 29392, 162129, 28113, 62921, 27155, 24040, 12181, 122257, 27716, 6078, 163946, 35264, 158563, 8902, 39791, 39991, 36474, 36083, 26359, 21032, 160684, 15414, 35727, 7637, 39190, 33955, 162254, 16582, 32348, 20645, 61711, 64857, 22410, 33133, 45458, 26385, 4462, 11012, 21601, 151630, 22134, 35714, 133885, 13971, 162892, 32356, 20898, 40108, 36288, 33810, 37187, 25937, 28806, 177287, 21004, 315318, 26349, 36911, 35982, 24782, 36600, 24302, 35267, 43858, 39344, 285085, 63005, 23358, 5608, 36028, 27670, 174134, 38821, 22387, 41768, 146616, 20185, 30137, 186159, 26340, 8123, 271357, 33445, 39774, 20649, 33723, 175008, 19149, 2593, 38782, 41916, 37664, 140982, 29837, 41622, 43106, 35255, 45388, 17653, 162401, 34241]",large_cap
31,CHEMICALS AND ALLIED PRODUCTS - Small Cap,2800,144,30431109.8675,"[32193, 41766, 34928, 35416, 178118, 183486, 106261, 39411, 31418, 163595, 50724, 34504, 31628, 126010, 43758, 39051, 37036, 36599, 38025, 178291, 12717, 37825, 34566, 178097, 160997, 41176, 31102, 33114, 24598, 26922, 25999, 34181, 20040, 27354, 19209, 170450, 43842, 13484, 34164, 43574, 332115, 185908, 33631, 289153, 39755, 36786, 21282, 41238, 41309, 38139, 21967, 38173, 39633, 31942, 101204, 287111, 37310, 38453, 18172, 322154, 38791, 27939, 10761, 26669, 35102, 186974, 45390, 18173, 39853, 62525, 39104, 36985, 37807, 237269, 32674, 37541, 14063, 27699, 38883, 22138, 37938, 65944, 50682, 37352, 21901, 26798, 37063, 39342, 38511, 2990, 21873, 39926, 39912, 39089, 43386, 179163, 183968, 38422, 24966, 50874, 45157, 166491, 281772, 36704, 38840, 23334, 171187, 36140, 34469, 37640, 165266, 32395, 32233, 16947, 39881, 38783, 39863, 33240, 36394, 39879, 33184, 20720, 170430, 35814, 26356, 34107, 32347, 33597, 220301, 37110, 32018, 35014, 38469, 32731, 19549, 38400, 34621, 25935, 3691, 65937, 39801, 43442, 31656, 19138]",small_cap
35,COMMUNICATIONS,4800,64,14278745957.739,"[9899, 2136, 32382, 3226, 17874, 126136, 3980, 164296, 38598, 2884, 34636, 179202, 30662, 175523, 13714, 183640, 36309, 64088, 2408, 135484, 149177, 2137, 160549, 147204, 30024, 9215, 10411, 4988, 12485, 23225, 170384, 28555, 21227, 51314, 50707, 62396, 9664, 178518, 60800, 14369, 24844, 20961, 20315, 39676, 24724, 244641, 187406, 3105, 31466, 221616, 24508, 14535, 2411, 264412, 62549, 24708, 24200, 34070, 33382, 32367, 34378, 111974, 39804, 123435]",all
36,COMMUNICATIONS - Large Cap,4800,12,13047972475.81,"[9899, 2136, 32382, 3226, 17874, 126136, 3980, 164296, 38598, 2884, 34636, 179202]",large_cap
37,COMMUNICATIONS - Small Cap,4800,12,3720908.699,"[2411, 264412, 62549, 24708, 24200, 34070, 33382, 32367, 34378, 111974, 39804, 123435]",small_cap
38,CONSTRUCTION SPECIAL TRADE CONTRACTORS,1700,18,2568720472.1664,"[66446, 6223, 64997, 325576, 5559, 19516, 23245, 66371, 50838, 20517, 45049, 45663, 45545, 50431, 43573, 32098, 45752, 39748]",all
41,DEPOSITORY INSTITUTIONS,6000,349,17163052700.5924,"[179534, 2968, 7647, 8007, 4674, 4723, 39997, 5786, 2019, 4690, 8245, 11856, 9783, 4640, 4737, 15706, 14219, 65228, 21825, 4699, 7982, 158587, 11861, 175263, 15633, 18049, 3238, 3231, 115876, 64536, 15576, 24232, 2002, 17150, 65106, 34309, 17095, 64547, 139025, 11687, 15582, 10916, 63781, 36633, 163920, 16832, 51708, 15580, 3643, 29282, 15581, 61452, 118042, 13041, 162560, 19713, 185824, 150306, 136265, 11842, 164633, 30222, 17248, 14172, 74571, 27665, 17875, 2005, 17151, 19355, 16821, 327115, 16967, 22086, 184167, 65796, 24447, 29101, 25173, 260751, 16549, 16889, 64794, 17132, 170396, 17184, 17145, 23500, 20019, 16790, 27871, 28022, 16981, 33695, 4685, 150279, 28866, 61487, 150803, 18948, 285333, 21815, 30932, 117141, 17195, 19094, 41459, 20677, 66235, 16781, 18241, 19318, 120318, 18329, 176766, 16432, 190963, 32519, 31606, 16845, 22717, 18732, 63232, 266160, 26270, 19570, 16777, 28155, 14253, 19150, 27604, 109183, 33459, 28967, 25751, 111721, 17724, 33625, 20299, 162307, 62979, 18533, 32619, 31368, 16689, 63135, 33999, 16890, 119414, 31585, 61585, 16705, 33911, 15199, 43210, 164724, 17245, 29994, 17106, 109599, 187236, 28278, 19262, 65548, 19873, 27235, 66285, 121713, 38634, 30055, 111819, 175083, 35078, 65689, 29855, 143153, 19428, 26347, 17240, 165284, 18434, 170419, 19817, 17602, 37688, 33056, 8060, 26179, 18276, 23450, 66453, 16668, 17534, 66288, 161853, 35759, 35101, 107817, 21593, 39902, 144122, 27111, 176828, 66394, 178834, 105538, 20628, 33131, 45796, 62243, 31895, 20109, 31764, 63725, 18619, 162293, 15620, 34189, 112721, 26071, 63224, 33704, 125580, 34132, 175607, 105616, 51244, 160423, 139705, 25327, 17173, 66286, 66504, 18037, 12035, 187596, 180183, 147312, 180958, 110243, 62315, 153449, 66155, 112295, 164365, 41241, 157498, 153876, 15645, 107644, 18358, 45446, 186890, 146607, 18385, 116675, 165630, 111940, 133764, 38764, 18195, 160753, 162759, 115960, 25481, 15575, 30647, 166197, 34405, 177009, 112572, 39322, 32253, 151544, 74397, 153616, 196256, 164395, 43009, 18094, 41201, 161023, 32665, 21521, 39263, 16271, 181820, 63058, 32539, 29061, 65958, 61796, 31358, 136844, 18695, 19366, 66355, 117026, 39376, 175121, 31718, 34938, 62139, 27345, 111179, 120038, 18182, 174597, 17877, 32444, 66210, 106373, 16989, 117018, 39641, 64228, 264309, 32350, 39622, 65162, 111537, 170868, 165762, 18264, 32208, 15509, 14115, 214881, 29903, 16348, 66158, 15362, 30857, 161942, 34939, 61815, 18275, 116209, 22975, 29946, 31839, 112542, 38755, 179234, 18974, 63178, 29917, 31218, 64628]",all
42,DEPOSITORY INSTITUTIONS - Large Cap,6000,69,15954567420.73,"[179534, 2968, 7647, 8007, 4674, 4723, 39997, 5786, 2019, 4690, 8245, 11856, 9783, 4640, 4737, 15706, 14219, 65228, 21825, 4699, 7982, 158587, 11861, 175263, 15633, 18049, 3238, 3231, 115876, 64536, 15576, 24232, 2002, 17150, 65106, 34309, 17095, 64547, 139025, 11687, 15582, 10916, 63781, 36633, 163920, 16832, 51708, 15580, 3643, 29282, 15581, 61452, 118042, 13041, 162560, 19713, 185824, 150306, 136265, 11842, 164633, 30222, 17248, 14172, 74571, 27665, 17875, 2005, 17151]",large_cap
43,DEPOSITORY INSTITUTIONS - Small Cap,6000,69,13685730.075,"[41201, 161023, 32665, 21521, 39263, 16271, 181820, 63058, 32539, 29061, 65958, 61796, 31358, 136844, 18695, 19366, 66355, 117026, 39376, 175121, 31718, 34938, 62139, 27345, 111179, 120038, 18182, 174597, 17877, 32444, 66210, 106373, 16989, 117018, 39641, 64228, 264309, 32350, 39622, 65162, 111537, 170868, 165762, 18264, 32208, 15509, 14115, 214881, 29903, 16348, 66158, 15362, 30857, 161942, 34939, 61815, 18275, 116209, 22975, 29946, 31839, 112542, 38755, 179234, 18974, 63178, 29917, 31218, 64628]",small_cap
44,EATING AND DRINKING PLACES,5800,45,6787595822.5248,"[165914, 25434, 7154, 65417, 23843, 160211, 43023, 31846, 22672, 164471, 160376, 39483, 3007, 186858, 28499, 25737, 3708, 28397, 3570, 63739, 39961, 13092, 35423, 39595, 21124, 39756, 171049, 186785, 20960, 74439, 19398, 61418, 3424, 148470, 36924, 36481, 74405, 18047, 164300, 50810, 106660, 18978, 40658, 43059, 22543]",all
47,EDUCATIONAL SERVICES,8200,25,1393324170.285388,"[39122, 3905, 178976, 180083, 26305, 11300, 66379, 178797, 156633, 38265, 63338, 163668, 60723, 74419, 35378, 25331, 35327, 38780, 39553, 39703, 50478, 40334, 38110, 43759, 50616]",all
50,"ELECTRIC, GAS, AND SANITARY SERVICES",4900,119,18314793724.7326,"[38375, 40614, 157373, 4517, 1440, 112168, 9850, 7977, 14477, 4029, 11550, 8151, 11506, 8539, 6310, 4093, 179437, 43737, 4383, 3897, 7974, 110732, 7366, 185532, 8810, 8272, 3439, 3413, 135990, 14027, 8264, 9846, 7970, 5742, 6338, 8099, 24216, 165649, 1075, 6135, 10860, 11554, 8542, 8455, 36790, 39041, 65702, 12428, 10671, 7733, 2259, 31109, 5870, 10801, 8113, 160913, 6547, 35612, 16225, 19517, 7437, 35882, 34414, 6867, 11304, 2628, 9849, 14390, 9890, 8001, 7849, 8807, 115044, 5526, 136684, 6932, 25792, 2986, 14391, 9324, 8199, 179216, 32244, 20655, 1828, 19129, 18293, 7993, 34418, 40560, 24422, 74732, 7368, 331125, 105632, 10999, 11657, 23237, 62618, 12964, 25979, 190590, 186169, 292414, 183187, 100957, 24944, 39381, 17341, 39574, 154135, 37594, 9171, 22783, 16015, 14433, 187548, 64625, 110802]",all
51,"ELECTRIC, GAS, AND SANITARY SERVICES - Large Cap",4900,23,11740878474.41,"[38375, 40614, 157373, 4517, 1440, 112168, 9850, 7977, 14477, 4029, 11550, 8151, 11506, 8539, 6310, 4093, 179437, 43737, 4383, 3897, 7974, 110732, 7366]",large_cap
52,"ELECTRIC, GAS, AND SANITARY SERVICES - Small Cap",4900,23,20898745.7426,"[11657, 23237, 62618, 12964, 25979, 190590, 186169, 292414, 183187, 100957, 24944, 39381, 17341, 39574, 154135, 37594, 9171, 22783, 16015, 14433, 187548, 64625, 110802]",small_cap
53,"ELECTRONIC AND OTHER ELECTRICAL EQUIPMENT AND COMPONENTS, EXCEPT COMPUTER EQUIPMENT",3600,255,123371345752.78305,"[117768, 1690, 1161, 180711, 7343, 6008, 38060, 137310, 33668, 45094, 24800, 160888, 175404, 37449, 36175, 40532, 10499, 112158, 4199, 14282, 7585, 37073, 23249, 3532, 1632, 177267, 134932, 184725, 27965, 64356, 179583, 37392, 39931, 5764, 43113, 30170, 1327, 139804, 64853, 9203, 187450, 125604, 28195, 42262, 183736, 7875, 33725, 175982, 9016, 16597, 187740, 187462, 40636, 41996, 29241, 9771, 18036, 9599, 24905, 25430, 18564, 38094, 31255, 39751, 27387, 23119, 37309, 39822, 11465, 35794, 16401, 61562, 110760, 183903, 28139, 110039, 160893, 25274, 177426, 146017, 10008, 25747, 39251, 27794, 35373, 8699, 66032, 160213, 28940, 343180, 163118, 37646, 24795, 39338, 66393, 61356, 9216, 133288, 38465, 21238, 37651, 31494, 11191, 4881, 19305, 15420, 74813, 27014, 38277, 33767, 66686, 30576, 175955, 5572, 12945, 142814, 1823, 154039, 38995, 19518, 28724, 184551, 7685, 23083, 33766, 33420, 23084, 36336, 3969, 2526, 11670, 264416, 13200, 10000, 31843, 5520, 11703, 25166, 180753, 166368, 2577, 37794, 15240, 39454, 37937, 29636, 28236, 23671, 184604, 41441, 351653, 33557, 186360, 43666, 141178, 37694, 12482, 6527, 40279, 185138, 38059, 176572, 61153, 20692, 63531, 29930, 39875, 138501, 8348, 60707, 65036, 65590, 33550, 13906, 21743, 41227, 260737, 7291, 25447, 1117, 17396, 35789, 37304, 9818, 39786, 39427, 141099, 39836, 28087, 41420, 4450, 278234, 39903, 3358, 39121, 27737, 39185, 13582, 347354, 184345, 135044, 233491, 45020, 2124, 178153, 40460, 327599, 28374, 38462, 28091, 132740, 2829, 29126, 176035, 177058, 39317, 141881, 36853, 22373, 120860, 27703, 25538, 38673, 184962, 40781, 26045, 41328, 40650, 11027, 40416, 19977, 39773, 35104, 40849, 6497, 38001, 154947, 18549, 210418, 25088, 21765, 101336, 32352, 35675, 184133, 45400, 27828, 13176, 39173, 39631, 41076, 43899, 18509, 166460, 148772]",all
54,"ELECTRONIC AND OTHER ELECTRICAL EQUIPMENT AND COMPONENTS, EXCEPT COMPUTER EQUIPMENT - Large Cap",3600,51,118018172015.64,"[117768, 1690, 1161, 180711, 7343, 6008, 38060, 137310, 33668, 45094, 24800, 160888, 175404, 37449, 36175, 40532, 10499, 112158, 4199, 14282, 7585, 37073, 23249, 3532, 1632, 177267, 134932, 184725, 27965, 64356, 179583, 37392, 39931, 5764, 43113, 30170, 1327, 139804, 64853, 9203, 187450, 125604, 28195, 42262, 183736, 7875, 33725, 175982, 9016, 16597, 187740]",large_cap
55,"ELECTRONIC AND OTHER ELECTRICAL EQUIPMENT AND COMPONENTS, EXCEPT COMPUTER EQUIPMENT - Small Cap",3600,51,13456910.64425,"[178153, 40460, 327599, 28374, 38462, 28091, 132740, 2829, 29126, 176035, 177058, 39317, 141881, 36853, 22373, 120860, 27703, 25538, 38673, 184962, 40781, 26045, 41328, 40650, 11027, 40416, 19977, 39773, 35104, 40849, 6497, 38001, 154947, 18549, 210418, 25088, 21765, 101336, 32352, 35675, 184133, 45400, 27828, 13176, 39173, 39631, 41076, 43899, 18509, 166460, 148772]",small_cap
56,"ENGINEERING, ACCOUNTING, RESEARCH, MANAGEMENT, AND RELATED SERVICES",8700,71,4578267809.5296,"[143357, 180652, 17928, 8402, 12441, 6216, 137131, 110620, 147988, 141277, 19998, 8832, 38135, 62823, 23027, 28717, 43589, 30536, 31752, 24783, 140988, 161997, 61463, 174637, 50688, 18624, 17816, 356859, 31477, 37338, 175654, 29985, 39680, 36718, 10685, 43026, 20661, 62262, 26545, 37354, 42332, 39442, 111000, 39077, 38754, 141359, 64061, 60836, 39246, 321429, 31803, 180229, 50084, 51723, 65208, 51092, 106126, 45051, 65905, 33081, 38979, 42969, 41467, 51425, 277846, 38014, 12377, 2519, 39746, 22879, 35160]",all
57,"ENGINEERING, ACCOUNTING, RESEARCH, MANAGEMENT, AND RELATED SERVICES - Large Cap",8700,14,3722304403.21,"[143357, 180652, 17928, 8402, 12441, 6216, 137131, 110620, 147988, 141277, 19998, 8832, 38135, 62823]",large_cap
58,"ENGINEERING, ACCOUNTING, RESEARCH, MANAGEMENT, AND RELATED SERVICES - Small Cap",8700,14,2890996.0707,"[45051, 65905, 33081, 38979, 42969, 41467, 51425, 277846, 38014, 12377, 2519, 39746, 22879, 35160]",small_cap
59,"FABRICATED METAL PRODUCTS, EXCEPT MACHINERY AND TRANSPORTATION EQUIPMENT",3400,50,3199516942.0576,"[326688, 8358, 143912, 3619, 7085, 1988, 45158, 188255, 316056, 25964, 64389, 9778, 11094, 3580, 30260, 328795, 180474, 166482, 12445, 1926, 5987, 170765, 15252, 133367, 64254, 1686, 39215, 10124, 66871, 38961, 179819, 50354, 7762, 39386, 175457, 35099, 5254, 45439, 115757, 19431, 164116, 100312, 36153, 194655, 7602, 178644, 5621, 9647, 4186, 36963]",all
60,"FABRICATED METAL PRODUCTS, EXCEPT MACHINERY AND TRANSPORTATION EQUIPMENT - Large Cap",3400,10,2456485577.19,"[326688, 8358, 143912, 3619, 7085, 1988, 45158, 188255, 316056, 25964]",large_cap
61,"FABRICATED METAL PRODUCTS, EXCEPT MACHINERY AND TRANSPORTATION EQUIPMENT - Small Cap",3400,10,4251012.7976,"[164116, 100312, 36153, 194655, 7602, 178644, 5621, 9647, 4186, 36963]",small_cap
62,FOOD AND KINDRED PRODUCTS,2000,83,9582585685.5145,"[3144, 8479, 142953, 5568, 28877, 2710, 5597, 24316, 5071, 1722, 3362, 6375, 2663, 9777, 7146, 175269, 5709, 28790, 34447, 21798, 2435, 10793, 12756, 35684, 144435, 3505, 20338, 12785, 275108, 66016, 4809, 30651, 170527, 3138, 27576, 61581, 39749, 36726, 6573, 317427, 12825, 34259, 45775, 64072, 163983, 24463, 37901, 24755, 10609, 282104, 8582, 158743, 14891, 12761, 7696, 186275, 29609, 38621, 29517, 17494, 74631, 39197, 15087, 14501, 42987, 16603, 43464, 38029, 20879, 30666, 45332, 36989, 37236, 41511, 43038, 65613, 39471, 184548, 3516, 36379, 37528, 130638, 39467]",all
63,FOOD AND KINDRED PRODUCTS - Large Cap,2000,16,7266470856.45,"[3144, 8479, 142953, 5568, 28877, 2710, 5597, 24316, 5071, 1722, 3362, 6375, 2663, 9777, 7146, 175269]",large_cap
64,FOOD AND KINDRED PRODUCTS - Small Cap,2000,16,4719300.8241,"[38029, 20879, 30666, 45332, 36989, 37236, 41511, 43038, 65613, 39471, 184548, 3516, 36379, 37528, 130638, 39467]",small_cap
65,FOOD STORES,5400,18,1939845481.59,"[6502, 17934, 2807, 25645, 189579, 21894, 11443, 133767, 43855, 11922, 12972, 11343, 64655, 11178, 23994, 6771, 42971, 43935]",all
68,FURNITURE AND FIXTURES,2500,18,388379497.0938,"[156861, 16477, 5690, 66290, 6649, 27333, 6543, 23252, 33425, 184585, 7401, 116504, 40723, 4771, 11185, 2080, 122211, 33068]",all
71,GENERAL MERCHANDISE STORES,5300,14,5942589367.440001,"[11259, 29028, 3813, 4016, 31587, 171141, 33718, 24076, 4611, 3964, 25283, 65343, 2703, 183683]",all
74,HEALTH SERVICES,8000,76,4735535130.001,"[7241, 22260, 45462, 24176, 14960, 12589, 7750, 64166, 61483, 178803, 2960, 35543, 11032, 39916, 24249, 39321, 13071, 164652, 174236, 43457, 192255, 183283, 125794, 38594, 25898, 35708, 36808, 39480, 61325, 39078, 5539, 50345, 12304, 45238, 35396, 38688, 25318, 38461, 32809, 35824, 43421, 36237, 35642, 51803, 23714, 38834, 180250, 28012, 7741, 61490, 39830, 36857, 185054, 13992, 25472, 38503, 34526, 41366, 40310, 37146, 32860, 39509, 37134, 17485, 38200, 16732, 38174, 355759, 183337, 37685, 4826, 50491, 32078, 45037, 38853, 38717]",all
75,HEALTH SERVICES - Large Cap,8000,15,4098581693.09,"[7241, 22260, 45462, 24176, 14960, 12589, 7750, 64166, 61483, 178803, 2960, 35543, 11032, 39916, 24249]",large_cap
76,HEALTH SERVICES - Small Cap,8000,15,2818936.741,"[39509, 37134, 17485, 38200, 16732, 38174, 355759, 183337, 37685, 4826, 50491, 32078, 45037, 38853, 38717]",small_cap
77,HEAVY CONSTRUCTION OTHER THAN BUILDING CONSTRUCTION CONTRACTORS,1600,19,1199028793.73,"[2497, 175686, 4818, 4115, 271217, 33424, 180646, 21429, 8486, 45232, 185128, 179132, 23195, 148223, 19987, 174282, 356289, 43898, 40132]",all
80,HOLDING AND OTHER INVESTMENT OFFICES,6700,303,15638282839.784092,"[5543, 138743, 29984, 105365, 30822, 10096, 32580, 110179, 160479, 29389, 38845, 160991, 6100, 121382, 17639, 64821, 113490, 9273, 65556, 29875, 28733, 64766, 30293, 29649, 179889, 27875, 29359, 30004, 160173, 4605, 25633, 18792, 13125, 7063, 160990, 64925, 62374, 10504, 178997, 28322, 10894, 24731, 66354, 18494, 28629, 18071, 161966, 17878, 3562, 27394, 12140, 34970, 24620, 65710, 74449, 30067, 29099, 23147, 183833, 18383, 4193, 33684, 185618, 183388, 63422, 266315, 32980, 19582, 30384, 65290, 185339, 162354, 11220, 30298, 65615, 45779, 20534, 29052, 33337, 23977, 14403, 64306, 187148, 50389, 39989, 29868, 26839, 162160, 5862, 24825, 160706, 36967, 183822, 160541, 28340, 28323, 20959, 184689, 8692, 11301, 40692, 20105, 21604, 178529, 175307, 183830, 19507, 28785, 20791, 36777, 17769, 22459, 50721, 22983, 24533, 183780, 170714, 180228, 19855, 185018, 26410, 10917, 32154, 45445, 183902, 15101, 30490, 183606, 25665, 1257, 23077, 11756, 178862, 22674, 28670, 23353, 37723, 185549, 20029, 186363, 186893, 183029, 43873, 31958, 61163, 24291, 61129, 180193, 183324, 51878, 40530, 27780, 146140, 30637, 14592, 157293, 19974, 19440, 13562, 23996, 28069, 35770, 5149, 158053, 18296, 160233, 65640, 154739, 31251, 45373, 19526, 31819, 128078, 135788, 34415, 174360, 39498, 23086, 31966, 17626, 23556, 3429, 186993, 185396, 16149, 266257, 16125, 33066, 185453, 185585, 4045, 13580, 36133, 17866, 171023, 66588, 28769, 12081, 145024, 185821, 61188, 176725, 35030, 38263, 184287, 177216, 43884, 32671, 124046, 150837, 187483, 50619, 16150, 9346, 18700, 164155, 29082, 8148, 40353, 23984, 32751, 35793, 176999, 184688, 163884, 9393, 189516, 8493, 22853, 34298, 19851, 34260, 7279, 43521, 157452, 61004, 39964, 14326, 16641, 7959, 158765, 186671, 18073, 36053, 36764, 39861, 16608, 43849, 39031, 1949, 19925, 22082, 171109, 50313, 39039, 161852, 16066, 176256, 39332, 38053, 31994, 162925, 19084, 15211, 36761, 33670, 16884, 29016, 22985, 39464, 175315, 174926, 33747, 40248, 29721, 106528, 20337, 39663, 155754, 64260, 20710, 8611, 192159, 37418, 66376, 24980, 141663, 19752, 41082, 30223, 64545, 152828, 239962, 34975, 182701, 7034, 120456, 38860, 37329, 26475, 29552, 19966, 15699]",all
81,HOLDING AND OTHER INVESTMENT OFFICES - Large Cap,6700,60,12671061087.73,"[5543, 138743, 29984, 105365, 30822, 10096, 32580, 110179, 160479, 29389, 38845, 160991, 6100, 121382, 17639, 64821, 113490, 9273, 65556, 29875, 28733, 64766, 30293, 29649, 179889, 27875, 29359, 30004, 160173, 4605, 25633, 18792, 13125, 7063, 160990, 64925, 62374, 10504, 178997, 28322, 10894, 24731, 66354, 18494, 28629, 18071, 161966, 17878, 3562, 27394, 12140, 34970, 24620, 65710, 74449, 30067, 29099, 23147, 183833, 18383]",large_cap
82,HOLDING AND OTHER INVESTMENT OFFICES - Small Cap,6700,60,22678129.069092,"[36053, 36764, 39861, 16608, 43849, 39031, 1949, 19925, 22082, 171109, 50313, 39039, 161852, 16066, 176256, 39332, 38053, 31994, 162925, 19084, 15211, 36761, 33670, 16884, 29016, 22985, 39464, 175315, 174926, 33747, 40248, 29721, 106528, 20337, 39663, 155754, 64260, 20710, 8611, 192159, 37418, 66376, 24980, 141663, 19752, 41082, 30223, 64545, 152828, 239962, 34975, 182701, 7034, 120456, 38860, 37329, 26475, 29552, 19966, 15699]",small_cap
86,"HOTELS, ROOMING HOUSES, CAMPS, AND OTHER LODGING PLACES",7000,12,1718122585.83,"[5643, 37460, 28930, 183366, 33243, 29011, 12544, 191255, 160785, 20020, 39068, 7632]",all
89,INDUSTRIAL AND COMMERCIAL MACHINERY AND COMPUTER EQUIPMENT,3500,163,31057272887.0608,"[11399, 150937, 20779, 2817, 45169, 1704, 6565, 51008, 39800, 176567, 5959, 20748, 26156, 162643, 14489, 30098, 3835, 6268, 5878, 5606, 4058, 25756, 36191, 3650, 137573, 5087, 38022, 185229, 10016, 164557, 36190, 189491, 122380, 4108, 5252, 24405, 61591, 8463, 30547, 7486, 295786, 21542, 25180, 6737, 7921, 10991, 7991, 15267, 32886, 5860, 43190, 137602, 13570, 180466, 32938, 25922, 63892, 102696, 24601, 119574, 10581, 10618, 65009, 179657, 41059, 38125, 2444, 8606, 27960, 42284, 187169, 36883, 187696, 142956, 11636, 32638, 1050, 23243, 74496, 14954, 6386, 11124, 3946, 29191, 1706, 6509, 65671, 39738, 142260, 37153, 171059, 14898, 8867, 45710, 30847, 10441, 62221, 28903, 16710, 12262, 18114, 179738, 37090, 23865, 31424, 38336, 184258, 51058, 5237, 19602, 29478, 184470, 28295, 6994, 9919, 186779, 135844, 349854, 160681, 35999, 39784, 62819, 37896, 40645, 160453, 31005, 4497, 32851, 138467, 25539, 51423, 39763, 8864, 50909, 43674, 40295, 37547, 45542, 28819, 40681, 50382, 40783, 340153, 42012, 29894, 32294, 30030, 7658, 7185, 5788, 1820, 51159, 347720, 10777, 100012, 31402, 179249, 35541, 63520, 10349, 35810, 10740, 50969]",all
90,INDUSTRIAL AND COMMERCIAL MACHINERY AND COMPUTER EQUIPMENT - Large Cap,3500,32,26602785644.43,"[11399, 150937, 20779, 2817, 45169, 1704, 6565, 51008, 39800, 176567, 5959, 20748, 26156, 162643, 14489, 30098, 3835, 6268, 5878, 5606, 4058, 25756, 36191, 3650, 137573, 5087, 38022, 185229, 10016, 164557, 36190, 189491]",large_cap
91,INDUSTRIAL AND COMMERCIAL MACHINERY AND COMPUTER EQUIPMENT - Small Cap,3500,32,9759483.8428,"[39763, 8864, 50909, 43674, 40295, 37547, 45542, 28819, 40681, 50382, 40783, 340153, 42012, 29894, 32294, 30030, 7658, 7185, 5788, 1820, 51159, 347720, 10777, 100012, 31402, 179249, 35541, 63520, 10349, 35810, 10740, 50969]",small_cap
92,"INSURANCE AGENTS, BROKERS, AND SERVICE",6400,22,3970487953.3496,"[4973, 3221, 7065, 15417, 144009, 39067, 61380, 33421, 26167, 24225, 60799, 74430, 39380, 36775, 38237, 36234, 174389, 50311, 22318, 50539, 36635, 36852]",all
95,INSURANCE CARRIERS,6300,111,14552767860.964,"[10903, 2547, 13341, 179741, 28034, 145046, 62689, 27914, 145552, 133768, 1449, 28349, 1487, 31774, 152149, 12909, 143356, 32767, 61739, 14822, 61406, 28216, 61388, 61302, 38019, 14824, 157057, 41084, 165264, 12726, 38238, 27652, 10614, 36692, 153130, 6742, 14828, 8431, 184899, 24379, 6781, 39561, 1414, 20823, 11729, 61408, 13342, 17115, 21503, 16384, 124042, 179974, 158354, 34953, 37150, 157955, 18745, 129472, 25895, 2558, 37711, 37593, 133289, 41782, 12603, 20935, 11854, 176591, 17035, 18441, 10086, 24678, 51778, 24440, 42912, 43585, 157353, 14401, 20422, 38753, 164572, 45327, 24287, 148469, 177640, 26016, 27215, 36329, 17252, 16428, 178823, 8702, 13561, 176973, 51383, 51531, 4485, 39128, 22338, 61743, 16775, 163924, 16431, 15677, 178371, 220426, 17180, 29576, 31421, 162491, 16671]",all
96,INSURANCE CARRIERS - Large Cap,6300,22,11061410210.86,"[10903, 2547, 13341, 179741, 28034, 145046, 62689, 27914, 145552, 133768, 1449, 28349, 1487, 31774, 152149, 12909, 143356, 32767, 61739, 14822, 61406, 28216]",large_cap
97,INSURANCE CARRIERS - Small Cap,6300,22,23387183.984,"[16428, 178823, 8702, 13561, 176973, 51383, 51531, 4485, 39128, 22338, 61743, 16775, 163924, 16431, 15677, 178371, 220426, 17180, 29576, 31421, 162491, 16671]",small_cap
103,"LUMBER AND WOOD PRODUCTS, EXCEPT FURNITURE",2400,17,1047134911.7229999,"[11456, 163036, 2820, 119316, 6821, 29156, 33652, 41835, 14330, 12379, 30421, 27386, 33733, 4019, 165981, 15038, 14042]",all
106,"MEASURING, ANALYZING, AND CONTROLLING INSTRUMENTS; PHOTOGRAPHIC, MEDICAL AND OPTICAL GOODS; WATCHES AND CLOCKS",3800,254,24875398295.3391,"[162887, 6304, 10530, 10115, 133366, 136725, 1078, 3735, 138205, 10453, 25279, 4321, 31887, 5492, 14561, 1598, 7228, 7985, 2111, 20232, 29133, 39789, 141459, 28367, 65772, 41818, 141384, 35065, 166555, 126554, 148390, 144559, 2086, 61574, 126721, 20904, 43197, 138483, 26590, 65607, 35062, 39935, 177227, 140073, 23990, 25313, 119275, 26147, 33435, 21777, 16188, 177881, 22815, 4145, 126423, 35056, 35497, 36203, 2220, 171002, 3504, 1968, 38343, 38477, 7420, 63186, 51921, 133905, 45167, 38079, 35894, 183942, 185419, 23224, 65380, 37200, 133564, 10407, 13700, 39453, 3158, 30312, 29449, 179577, 38357, 13623, 65286, 25110, 190355, 27810, 61181, 163889, 27823, 18899, 26123, 24021, 33779, 9969, 39280, 19189, 45785, 62217, 174390, 38960, 140023, 184077, 7275, 38590, 20644, 141469, 4900, 23131, 41050, 35544, 40605, 50999, 181070, 21352, 12458, 20945, 29293, 34193, 27555, 36260, 32792, 39184, 21824, 264387, 39448, 162146, 40488, 184113, 31214, 65896, 4194, 29004, 21000, 28380, 26847, 143282, 26636, 61285, 50525, 33698, 40372, 39724, 41856, 36885, 12597, 64327, 27252, 179840, 7951, 39127, 38507, 43888, 27644, 328080, 176670, 37480, 38558, 182986, 271987, 103228, 183547, 38768, 41953, 349337, 166583, 60795, 21421, 31805, 39505, 41053, 42958, 160375, 41295, 39255, 19274, 39592, 271295, 36929, 39728, 37799, 185125, 50297, 32396, 11051, 36776, 17515, 39733, 38030, 151423, 64645, 28118, 3761, 178847, 66366, 35779, 40536, 38829, 33749, 185193, 60722, 41569, 37582, 164293, 166430, 23623, 177981, 39817, 13239, 17727, 39712, 33773, 37783, 114203, 35422, 1104, 29418, 23705, 35060, 296810, 38310, 39171, 27983, 64915, 21103, 183860, 37290, 39821, 129441, 37516, 24912, 42880, 26908, 177879, 186953, 24277, 6410, 20554, 165750, 33467, 45095, 31775, 17024, 40236, 24421, 211795, 38537, 27247, 32247, 320806, 12719]",all
107,"MEASURING, ANALYZING, AND CONTROLLING INSTRUMENTS; PHOTOGRAPHIC, MEDICAL AND OPTICAL GOODS; WATCHES AND CLOCKS - Large Cap",3800,50,21871989906.04,"[162887, 6304, 10530, 10115, 133366, 136725, 1078, 3735, 138205, 10453, 25279, 4321, 31887, 5492, 14561, 1598, 7228, 7985, 2111, 20232, 29133, 39789, 141459, 28367, 65772, 41818, 141384, 35065, 166555, 126554, 148390, 144559, 2086, 61574, 126721, 20904, 43197, 138483, 26590, 65607, 35062, 39935, 177227, 140073, 23990, 25313, 119275, 26147, 33435, 21777]",large_cap
108,"MEASURING, ANALYZING, AND CONTROLLING INSTRUMENTS; PHOTOGRAPHIC, MEDICAL AND OPTICAL GOODS; WATCHES AND CLOCKS - Small Cap",3800,50,10246126.8728,"[41569, 37582, 164293, 166430, 23623, 177981, 39817, 13239, 17727, 39712, 33773, 37783, 114203, 35422, 1104, 29418, 23705, 35060, 296810, 38310, 39171, 27983, 64915, 21103, 183860, 37290, 39821, 129441, 37516, 24912, 42880, 26908, 177879, 186953, 24277, 6410, 20554, 165750, 33467, 45095, 31775, 17024, 40236, 24421, 211795, 38537, 27247, 32247, 320806, 12719]",small_cap
109,METAL MINING,1000,220,9016758450.163485,"[37407, 7881, 24370, 107712, 105861, 14590, 179060, 5560, 1186, 2055, 64775, 3153, 20670, 61811, 42314, 19824, 8644, 108768, 165798, 107098, 62337, 106112, 17826, 123455, 18351, 107245, 107781, 10385, 41293, 26768, 107710, 26539, 187650, 107150, 26366, 108326, 25092, 39624, 171111, 33728, 35955, 20600, 66246, 9728, 13400, 33965, 35957, 178874, 43286, 107637, 160779, 106203, 175230, 177405, 34158, 65349, 32564, 13312, 13520, 185448, 37778, 189598, 18017, 130525, 140394, 165637, 20890, 16005, 180367, 144183, 15201, 166504, 31347, 108265, 32014, 345699, 41111, 142606, 105892, 38632, 170728, 27355, 106464, 174280, 35609, 186109, 31602, 126634, 171083, 13252, 38930, 128765, 36836, 107350, 187235, 352834, 212658, 175503, 185903, 36648, 166218, 65744, 32547, 40276, 12321, 27712, 27519, 40398, 28646, 368736, 186896, 40362, 66431, 106503, 35734, 106003, 65635, 212653, 33897, 35788, 26914, 28852, 107032, 165773, 186901, 343592, 186127, 165308, 30572, 39948, 42913, 74460, 31626, 190586, 36603, 31132, 273614, 35326, 108804, 288799, 42848, 137862, 364873, 45152, 187545, 260651, 108297, 107561, 32983, 185688, 20007, 118441, 43490, 127597, 107393, 27648, 247885, 74857, 259625, 184513, 108110, 33132, 13558, 155225, 187640, 38202, 30473, 35546, 163746, 177851, 17384, 64562, 186103, 107716, 180678, 133947, 41141, 107758, 181327, 38334, 37267, 188661, 186350, 106336, 24627, 50443, 177887, 40712, 264426, 182539, 148631, 186108, 106681, 185940, 38772, 39937, 106610, 33541, 5205, 34499, 160703, 149819, 187974, 199759, 64935, 184252, 107447, 17041, 34372, 220509, 41351, 32213, 36743, 37662, 31581, 107578, 37408, 200189, 364659, 126036]",all
110,METAL MINING - Large Cap,1000,44,8601500973.69,"[37407, 7881, 24370, 107712, 105861, 14590, 179060, 5560, 1186, 2055, 64775, 3153, 20670, 61811, 42314, 19824, 8644, 108768, 165798, 107098, 62337, 106112, 17826, 123455, 18351, 107245, 107781, 10385, 41293, 26768, 107710, 26539, 187650, 107150, 26366, 108326, 25092, 39624, 171111, 33728, 35955, 20600, 66246, 9728]",large_cap
111,METAL MINING - Small Cap,1000,44,6448357.512,"[41141, 107758, 181327, 38334, 37267, 188661, 186350, 106336, 24627, 50443, 177887, 40712, 264426, 182539, 148631, 186108, 106681, 185940, 38772, 39937, 106610, 33541, 5205, 34499, 160703, 149819, 187974, 199759, 64935, 184252, 107447, 17041, 34372, 220509, 41351, 32213, 36743, 37662, 31581, 107578, 37408, 200189, 364659, 126036]",small_cap
112,"MINING AND QUARRYING OF NONMETALLIC MINERALS, EXCEPT FUELS",1400,19,984444379.8992,"[11228, 29733, 38356, 43404, 42950, 8947, 124199, 180464, 157153, 38526, 179843, 18019, 50510, 324960, 27202, 32799, 178735, 42936, 286945]",all
115,MISCELLANEOUS MANUFACTURING INDUSTRIES,3900,24,445938438.07,"[5518, 7116, 27653, 24978, 27575, 2352, 29705, 30477, 35948, 164416, 164506, 38576, 62745, 43099, 32528, 36826, 102450, 185372, 32819, 39647, 42847, 4448, 102902, 39823]",all
119,MISCELLANEOUS RETAIL,5900,65,45970420161.7232,"[64768, 178081, 114524, 150139, 21540, 43316, 178704, 35287, 11511, 38092, 6733, 37054, 38848, 40501, 15520, 24157, 39502, 38645, 32574, 175900, 39065, 34467, 37085, 187363, 14624, 147868, 24430, 38418, 41507, 161055, 37502, 74383, 32688, 39092, 122519, 62501, 38932, 166213, 23208, 19581, 328083, 118941, 19744, 18164, 35152, 38937, 16009, 37971, 174147, 12096, 35880, 39156, 178906, 65406, 37284, 176593, 39043, 61735, 38824, 41662, 38109, 39556, 39500, 26335, 166740]",all
120,MISCELLANEOUS RETAIL - Large Cap,5900,13,45329990918.85,"[64768, 178081, 114524, 150139, 21540, 43316, 178704, 35287, 11511, 38092, 6733, 37054, 38848]",large_cap
121,MISCELLANEOUS RETAIL - Small Cap,5900,13,2962350.3618,"[178906, 65406, 37284, 176593, 39043, 61735, 38824, 41662, 38109, 39556, 39500, 26335, 166740]",small_cap
123,MOTION PICTURES,7800,15,7727902627.403999,"[147579, 177108, 177637, 28378, 7022, 40327, 157476, 36211, 43760, 51514, 183524, 350366, 29666, 155616, 66301]",all
126,MOTOR FREIGHT TRANSPORTATION AND WAREHOUSING,4200,25,2980982078.98,"[10920, 65609, 24617, 144998, 36965, 30861, 5783, 150481, 21440, 12266, 45081, 150764, 264193, 1743, 12625, 29206, 12840, 42339, 30877, 45319, 162338, 35923, 28093, 12598, 213029]",all
129,NON-DEPOSITORY CREDIT INSTITUTIONS,6100,60,7837061964.305,"[38916, 36722, 3243, 1447, 30990, 37413, 37357, 20686, 25339, 4601, 3592, 5072, 37763, 37961, 74340, 143974, 20430, 293070, 19647, 180423, 189517, 15208, 17306, 185370, 1076, 38089, 10121, 26297, 156953, 264485, 155738, 41687, 24725, 39306, 41234, 121815, 39929, 150477, 182501, 35471, 119714, 130598, 51766, 18398, 38618, 175798, 187253, 14118, 35781, 165578, 63639, 37186, 62919, 38978, 24932, 149379, 25852, 24819, 123998, 29175]",all
130,NON-DEPOSITORY CREDIT INSTITUTIONS - Large Cap,6100,12,7151846793.81,"[38916, 36722, 3243, 1447, 30990, 37413, 37357, 20686, 25339, 4601, 3592, 5072]",large_cap
131,NON-DEPOSITORY CREDIT INSTITUTIONS - Small Cap,6100,12,5245867.995,"[35781, 165578, 63639, 37186, 62919, 38978, 24932, 149379, 25852, 24819, 123998, 29175]",small_cap
132,NONCLASSIFIABLE ESTABLISHMENTS,9900,83,1563387288.5154,"[1300, 7435, 2176, 51604, 64163, 51011, 50343, 13709, 51721, 51381, 19349, 51595, 40340, 9538, 61251, 51009, 37809, 74363, 51889, 50420, 45444, 74341, 50797, 51748, 51716, 41529, 60715, 60999, 50733, 26721, 45698, 45442, 74684, 50887, 50948, 51919, 50994, 61025, 45384, 45660, 45700, 5650, 51719, 60792, 50519, 51559, 41634, 50344, 74316, 45389, 51767, 45797, 51941, 51813, 40551, 51880, 51558, 52007, 51720, 50993, 43578, 51861, 38492, 45300, 50300, 50433, 51594, 50706, 38926, 51667, 16331, 51534, 50195, 51533, 51298, 40493, 50476, 51890, 50945, 50243, 51855, 51548, 45301]",all
133,NONCLASSIFIABLE ESTABLISHMENTS - Large Cap,9900,16,1502570812.408,"[1300, 7435, 2176, 51604, 64163, 51011, 50343, 13709, 51721, 51381, 19349, 51595, 40340, 9538, 61251, 51009]",large_cap
134,NONCLASSIFIABLE ESTABLISHMENTS - Small Cap,9900,16,2607764.92,"[50706, 38926, 51667, 16331, 51534, 50195, 51533, 51298, 40493, 50476, 51890, 50945, 50243, 51855, 51548, 45301]",small_cap
135,OIL AND GAS EXTRACTION,1300,145,7506120281.3188,"[29453, 9465, 8549, 16478, 32106, 27786, 8068, 4430, 28338, 5439, 170750, 1678, 18465, 20548, 112876, 14934, 15055, 38018, 30923, 120093, 6788, 26864, 4367, 11781, 30284, 29108, 2270, 184442, 31252, 30145, 40235, 21833, 45723, 34010, 29135, 42856, 187812, 26069, 40383, 142337, 41981, 7620, 11925, 26013, 5581, 187698, 21431, 41799, 273726, 8079, 206243, 21237, 17228, 1661, 323308, 74529, 40306, 278151, 186276, 31331, 6311, 65006, 8901, 61759, 41901, 164046, 29680, 30075, 20695, 322985, 187961, 29760, 36897, 34183, 20684, 194755, 50770, 43507, 33449, 23433, 176899, 186553, 27199, 41797, 146659, 40590, 160341, 35613, 31507, 36951, 185230, 185956, 13431, 122194, 62626, 348784, 176103, 184582, 31845, 13871, 10938, 106156, 184651, 142443, 183855, 176840, 105239, 41733, 185309, 27265, 37955, 106062, 176408, 178674, 186180, 10877, 180401, 19640, 7422, 38800, 21834, 17449, 163822, 174169, 37672, 35644, 105786, 175616, 20676, 34055, 154774, 64107, 66318, 43217, 41352, 275945, 163712, 174395, 26028, 31056, 186908, 31178, 64568, 29111, 181105]",all
136,OIL AND GAS EXTRACTION - Large Cap,1300,29,6286815070.85,"[29453, 9465, 8549, 16478, 32106, 27786, 8068, 4430, 28338, 5439, 170750, 1678, 18465, 20548, 112876, 14934, 15055, 38018, 30923, 120093, 6788, 26864, 4367, 11781, 30284, 29108, 2270, 184442, 31252]",large_cap
137,OIL AND GAS EXTRACTION - Small Cap,1300,29,6005868.1267,"[180401, 19640, 7422, 38800, 21834, 17449, 163822, 174169, 37672, 35644, 105786, 175616, 20676, 34055, 154774, 64107, 66318, 43217, 41352, 275945, 163712, 174395, 26028, 31056, 186908, 31178, 64568, 29111, 181105]",small_cap
138,PAPER AND ALLIED PRODUCTS,2600,19,2111571109.19,"[6435, 6104, 100243, 283184, 128978, 25389, 1913, 9815, 35874, 39651, 5338, 50852, 32558, 181931, 20860, 14065, 15083, 14563, 176867]",all
141,PERSONAL SERVICES,7200,12,693701931.38,"[3062, 9611, 2269, 32608, 51724, 43360, 145308, 63456, 39365, 39819, 162891, 9023]",all
144,PETROLEUM REFINING AND RELATED INDUSTRIES,2900,19,6246282073.5342,"[4503, 2991, 2771, 186989, 15247, 170841, 183791, 5667, 196159, 15070, 178672, 5903, 166563, 22447, 8850, 165846, 147183, 12384, 50791]",all
148,PRIMARY METAL INDUSTRIES,3300,34,1928448262.62,"[3107, 8030, 64030, 10405, 27638, 2787, 10930, 3246, 15343, 62516, 17997, 2448, 24293, 29131, 1263, 11600, 26753, 5496, 61635, 186773, 43651, 4498, 20011, 268208, 12383, 37660, 15459, 10236, 122154, 40512, 4903, 31826, 62553, 45782]",all
151,"PRINTING, PUBLISHING, AND ALLIED INDUSTRIES",2700,12,337468857.894,"[7866, 18043, 50403, 164086, 19574, 11499, 37130, 3863, 9466, 4390, 184748, 183565]",all
157,REAL ESTATE,6500,45,1915778990.81,"[37519, 260774, 38488, 24116, 65108, 27393, 32771, 174729, 33809, 32748, 174022, 185797, 65084, 28485, 18875, 37198, 22970, 25632, 34941, 19000, 179077, 39570, 18578, 178875, 12926, 40417, 31108, 7117, 8826, 50372, 1096, 24330, 36005, 24310, 43514, 18314, 183312, 42243, 36084, 155519, 38762, 14639, 1618, 25462, 40829]",all
160,RUBBER AND MISCELLANEOUS PLASTICS PRODUCTS,3000,13,2096388377.18,"[7906, 28176, 164755, 11376, 148950, 20126, 5234, 9555, 7636, 39546, 106107, 14794, 31337]",all
163,"SECURITY AND COMMODITY BROKERS, DEALERS, EXCHANGES, AND SERVICES",6200,102,22911932139.1273,"[34749, 39293, 114628, 163610, 178519, 124434, 177088, 12124, 13988, 178507, 20412, 164708, 184500, 149070, 189459, 184254, 12138, 176701, 10035, 25219, 33948, 149337, 8898, 174744, 40535, 41278, 29804, 2369, 4885, 38396, 11770, 6682, 41817, 8605, 19927, 160373, 145701, 158742, 35881, 183603, 60820, 65886, 51379, 162559, 144496, 24750, 259518, 9317, 39909, 23247, 30076, 23432, 66731, 33110, 31521, 266214, 21799, 61467, 127377, 39098, 16113, 41918, 26567, 21019, 60834, 327677, 24660, 37776, 25030, 180081, 37404, 13453, 39750, 157655, 37530, 65235, 42895, 38534, 178073, 37678, 183590, 14333, 18738, 41204, 43083, 40312, 45040, 34580, 14551, 38016, 45754, 187831, 43913, 41636, 149082, 35079, 39626, 175674, 12407, 38405, 7315, 320080]",all
164,"SECURITY AND COMMODITY BROKERS, DEALERS, EXCHANGES, AND SERVICES - Large Cap",6200,20,19218721323.89,"[34749, 39293, 114628, 163610, 178519, 124434, 177088, 12124, 13988, 178507, 20412, 164708, 184500, 149070, 189459, 184254, 12138, 176701, 10035, 25219]",large_cap
165,"SECURITY AND COMMODITY BROKERS, DEALERS, EXCHANGES, AND SERVICES - Small Cap",6200,20,5649668.4773,"[18738, 41204, 43083, 40312, 45040, 34580, 14551, 38016, 45754, 187831, 43913, 41636, 149082, 35079, 39626, 175674, 12407, 38405, 7315, 320080]",small_cap
167,"STONE, CLAY, GLASS, AND CONCRETE PRODUCTS",3200,13,1324433537.669,"[15444, 366911, 8214, 30032, 100477, 175689, 8215, 7512, 45751, 8105, 61709, 39957, 30944]",all
176,TRANSPORTATION BY AIR,4500,31,4282058163.26,"[40092, 39405, 1045, 10795, 3851, 4598, 9882, 1230, 11065, 12392, 147305, 50617, 175007, 8092, 38038, 165678, 152011, 38282, 43100, 32843, 14229, 38779, 39231, 35960, 164190, 165948, 37066, 40249, 164094, 33962, 39412]",all
179,TRANSPORTATION EQUIPMENT,3700,120,52570349397.6814,"[184996, 2285, 5047, 4839, 39503, 10983, 28192, 33073, 39811, 6774, 5046, 5073, 25466, 148349, 186310, 118122, 8253, 176362, 60979, 3662, 185952, 28742, 6946, 5567, 11721, 4608, 11580, 39337, 101276, 10519, 5116, 45783, 177966, 4036, 14311, 35223, 164494, 11796, 136648, 37490, 64690, 38258, 23753, 10549, 12389, 34051, 3734, 39578, 8386, 42214, 42033, 7549, 30463, 60758, 163765, 43057, 10735, 23167, 37820, 45265, 11537, 19391, 162400, 51747, 117861, 18320, 4091, 28408, 36970, 51085, 24720, 39268, 39318, 38560, 25726, 39632, 41998, 162870, 37373, 253759, 31567, 184049, 36157, 39993, 27339, 148396, 30558, 184957, 24911, 37182, 43915, 39207, 74783, 39265, 162742, 220833, 40305, 101305, 133145, 100499, 33706, 43546, 35019, 14078, 335558, 36535, 17828, 63477, 36979, 174152, 39325, 41296, 160570, 166087, 142546, 351491, 38407, 149683, 36727, 20561]",all
180,TRANSPORTATION EQUIPMENT - Large Cap,3700,24,50001732104.34,"[184996, 2285, 5047, 4839, 39503, 10983, 28192, 33073, 39811, 6774, 5046, 5073, 25466, 148349, 186310, 118122, 8253, 176362, 60979, 3662, 185952, 28742, 6946, 5567]",large_cap
181,TRANSPORTATION EQUIPMENT - Small Cap,3700,24,9822725.9006,"[40305, 101305, 133145, 100499, 33706, 43546, 35019, 14078, 335558, 36535, 17828, 63477, 36979, 174152, 39325, 41296, 160570, 166087, 142546, 351491, 38407, 149683, 36727, 20561]",small_cap
182,TRANSPORTATION SERVICES,4700,19,1743013184.7974,"[119314, 126296, 4494, 39319, 185319, 62378, 35808, 4941, 41716, 37079, 24351, 42855, 162914, 32283, 50796, 26083, 29569, 37362, 43588]",all
185,WATER TRANSPORTATION,4400,56,3180463691.7192,"[13498, 28191, 104432, 6461, 184352, 45220, 312009, 277323, 1254, 249158, 10565, 179087, 165262, 271342, 27706, 327675, 174700, 163930, 160621, 317264, 165743, 65500, 288586, 61034, 178877, 101973, 175606, 147398, 185770, 18289, 65374, 330888, 17408, 316726, 66401, 60856, 40399, 180112, 165075, 165913, 178403, 51488, 352262, 31384, 349705, 186197, 21904, 51624, 39488, 163060, 17454, 40285, 43008, 1262, 285135, 18926]",all
186,WATER TRANSPORTATION - Large Cap,4400,11,2912754418.32,"[13498, 28191, 104432, 6461, 184352, 45220, 312009, 277323, 1254, 249158, 10565]",large_cap
187,WATER TRANSPORTATION - Small Cap,4400,11,3714124.05,"[186197, 21904, 51624, 39488, 163060, 17454, 40285, 43008, 1262, 285135, 18926]",small_cap
188,WHOLESALE TRADE-DURABLE GOODS,5000,67,4863594096.0934,"[5256, 100644, 61420, 120444, 14225, 11313, 29901, 1773, 155394, 28320, 30671, 5125, 61494, 38870, 31453, 25893, 2101, 156155, 34053, 1919, 61732, 16486, 1004, 8213, 38374, 50831, 64223, 63986, 5968, 20235, 35852, 61028, 29870, 180016, 66586, 31738, 29910, 161813, 60931, 15020, 19172, 178973, 6617, 4669, 62956, 37587, 30899, 36206, 4860, 9125, 101846, 37749, 11258, 100555, 45329, 4599, 43547, 43159, 171045, 7295, 39627, 8350, 27765, 45398, 42879, 43524, 42046]",all
189,WHOLESALE TRADE-DURABLE GOODS - Large Cap,5000,13,3973926095.22,"[5256, 100644, 61420, 120444, 14225, 11313, 29901, 1773, 155394, 28320, 30671, 5125, 61494]",large_cap
190,WHOLESALE TRADE-DURABLE GOODS - Small Cap,5000,13,3296155.274,"[45329, 4599, 43547, 43159, 171045, 7295, 39627, 8350, 27765, 45398, 42879, 43524, 42046]",small_cap
191,WHOLESALE TRADE-NON-DURABLE GOODS,5100,47,2749139979.6577,"[2751, 7171, 31673, 10247, 18312, 28787, 116029, 5530, 12892, 63927, 186960, 18468, 12471, 1659, 11017, 176914, 64063, 183269, 12833, 37019, 50437, 35674, 147708, 43088, 163935, 15212, 25536, 186501, 43866, 18874, 60748, 50472, 11455, 160742, 37520, 4225, 40703, 50409, 43582, 45541, 102892, 45719, 34030, 45537, 36311, 38075, 50580]",all
